{
  "resourceType" : "Bundle",
  "id" : "4e89a7f3-d635-4fe1-89a1-613d92173c15",
  "meta" : {
    "lastUpdated" : "2023-08-10T18:35:32.162+00:00"
  },
  "type" : "collection",
  "entry" : [{
    "fullUrl" : "http://example.com/fhir/example/ValueSet/MedPrescriptionLegalDiplomaVS",
    "resource" : {
      "resourceType" : "ValueSet",
      "text" : {
        "status" : "generated",
        "div" : "<div xmlns=\"http://www.w3.org/1999/xhtml\"><p>This value set contains 2 concepts</p><p style=\"border: black 1px dotted; background-color: #EEEEEE; padding: 8px; margin-bottom: 8px\">Expansion based on <a href=\"CodeSystem-MeaningOrderCS.html\">MeaningOrderCS v0.1.0-test (CodeSystem)</a></p><table class=\"codes\"><tr><td style=\"white-space:nowrap\"><b>Code</b></td><td><b>System</b></td><td><b>Display</b></td></tr><tr><td style=\"white-space:nowrap\"><a name=\"http---spms.min-saude.pt-bdnp-codesystem-med-request-modality-RSP\"> </a>\u00a0\u00a0<a href=\"CodeSystem-MeaningOrderCS.html#MeaningOrderCS-RSP\">RSP</a></td><td>http://spms.min-saude.pt/bdnp/codesystem/med-request-modality</td><td>Receita sem papel</td></tr><tr><td style=\"white-space:nowrap\"><a name=\"http---spms.min-saude.pt-bdnp-codesystem-med-request-modality-RCP\"> </a>\u00a0\u00a0<a href=\"CodeSystem-MeaningOrderCS.html#MeaningOrderCS-RCP\">RCP</a></td><td>http://spms.min-saude.pt/bdnp/codesystem/med-request-modality</td><td>Receita com papel</td></tr></table></div>"
      },
      "url" : "http://example.com/fhir/example/ValueSet/MedPrescriptionLegalDiplomaVS",
      "version" : "0.1.0-test",
      "name" : "MedPrescriptionLegalDiplomaVS",
      "status" : "active",
      "date" : "2023-08-10T18:35:32+00:00",
      "jurisdiction" : [{
        "coding" : [{
          "system" : "http://unstats.un.org/unsd/methods/m49/m49.htm",
          "code" : "001"
        }]
      }],
      "expansion" : {
        "identifier" : "urn:uuid:4e8bc17c-4d63-4ee3-b2a4-c229b1215b6d",
        "timestamp" : "2023-08-10T18:35:40+00:00",
        "total" : 2,
        "parameter" : [{
          "name" : "excludeNested",
          "valueBoolean" : false
        },
        {
          "name" : "version",
          "valueUri" : "http://spms.min-saude.pt/bdnp/codesystem/med-request-modality|0.1.0-test"
        }],
        "contains" : [{
          "system" : "http://spms.min-saude.pt/bdnp/codesystem/med-request-modality",
          "code" : "RSP",
          "display" : "Receita sem papel"
        },
        {
          "system" : "http://spms.min-saude.pt/bdnp/codesystem/med-request-modality",
          "code" : "RCP",
          "display" : "Receita com papel"
        }]
      }
    }
  },
  {
    "fullUrl" : "http://example.com/fhir/example/ValueSet/MedPrescriptionTypeVS",
    "resource" : {
      "resourceType" : "ValueSet",
      "text" : {
        "status" : "generated",
        "div" : "<div xmlns=\"http://www.w3.org/1999/xhtml\"><p>This value set contains 2 concepts</p><p style=\"border: black 1px dotted; background-color: #EEEEEE; padding: 8px; margin-bottom: 8px\">Expansion based on <a href=\"CodeSystem-MeaningOrderCS.html\">MeaningOrderCS v0.1.0-test (CodeSystem)</a></p><table class=\"codes\"><tr><td style=\"white-space:nowrap\"><b>Code</b></td><td><b>System</b></td><td><b>Display</b></td></tr><tr><td style=\"white-space:nowrap\"><a name=\"http---spms.min-saude.pt-bdnp-codesystem-med-request-modality-RSP\"> </a>\u00a0\u00a0<a href=\"CodeSystem-MeaningOrderCS.html#MeaningOrderCS-RSP\">RSP</a></td><td>http://spms.min-saude.pt/bdnp/codesystem/med-request-modality</td><td>Receita sem papel</td></tr><tr><td style=\"white-space:nowrap\"><a name=\"http---spms.min-saude.pt-bdnp-codesystem-med-request-modality-RCP\"> </a>\u00a0\u00a0<a href=\"CodeSystem-MeaningOrderCS.html#MeaningOrderCS-RCP\">RCP</a></td><td>http://spms.min-saude.pt/bdnp/codesystem/med-request-modality</td><td>Receita com papel</td></tr></table></div>"
      },
      "url" : "http://example.com/fhir/example/ValueSet/MedPrescriptionTypeVS",
      "version" : "0.1.0-test",
      "name" : "MedPrescriptionTypeVS",
      "status" : "active",
      "date" : "2023-08-10T18:35:32+00:00",
      "jurisdiction" : [{
        "coding" : [{
          "system" : "http://unstats.un.org/unsd/methods/m49/m49.htm",
          "code" : "001"
        }]
      }],
      "expansion" : {
        "identifier" : "urn:uuid:12ae4b36-32b3-4dfd-80b6-e2ec801ef51a",
        "timestamp" : "2023-08-10T18:35:41+00:00",
        "total" : 2,
        "parameter" : [{
          "name" : "excludeNested",
          "valueBoolean" : false
        },
        {
          "name" : "version",
          "valueUri" : "http://spms.min-saude.pt/bdnp/codesystem/med-request-modality|0.1.0-test"
        }],
        "contains" : [{
          "system" : "http://spms.min-saude.pt/bdnp/codesystem/med-request-modality",
          "code" : "RSP",
          "display" : "Receita sem papel"
        },
        {
          "system" : "http://spms.min-saude.pt/bdnp/codesystem/med-request-modality",
          "code" : "RCP",
          "display" : "Receita com papel"
        }]
      }
    }
  },
  {
    "fullUrl" : "http://example.com/fhir/example/ValueSet/CardCountryVS",
    "resource" : {
      "resourceType" : "ValueSet",
      "text" : {
        "status" : "generated",
        "div" : "<div xmlns=\"http://www.w3.org/1999/xhtml\"><p>This value set contains 2 concepts</p><p style=\"border: black 1px dotted; background-color: #EEEEEE; padding: 8px; margin-bottom: 8px\">Expansion based on <a href=\"CodeSystem-MeaningOrderCS.html\">MeaningOrderCS v0.1.0-test (CodeSystem)</a></p><table class=\"codes\"><tr><td style=\"white-space:nowrap\"><b>Code</b></td><td><b>System</b></td><td><b>Display</b></td></tr><tr><td style=\"white-space:nowrap\"><a name=\"http---spms.min-saude.pt-bdnp-codesystem-med-request-modality-RSP\"> </a>\u00a0\u00a0<a href=\"CodeSystem-MeaningOrderCS.html#MeaningOrderCS-RSP\">RSP</a></td><td>http://spms.min-saude.pt/bdnp/codesystem/med-request-modality</td><td>Receita sem papel</td></tr><tr><td style=\"white-space:nowrap\"><a name=\"http---spms.min-saude.pt-bdnp-codesystem-med-request-modality-RCP\"> </a>\u00a0\u00a0<a href=\"CodeSystem-MeaningOrderCS.html#MeaningOrderCS-RCP\">RCP</a></td><td>http://spms.min-saude.pt/bdnp/codesystem/med-request-modality</td><td>Receita com papel</td></tr></table></div>"
      },
      "url" : "http://example.com/fhir/example/ValueSet/CardCountryVS",
      "version" : "0.1.0-test",
      "name" : "CardCountryVS",
      "status" : "active",
      "date" : "2023-08-10T18:35:32+00:00",
      "jurisdiction" : [{
        "coding" : [{
          "system" : "http://unstats.un.org/unsd/methods/m49/m49.htm",
          "code" : "001"
        }]
      }],
      "expansion" : {
        "identifier" : "urn:uuid:f5ae1d41-20d3-4d53-b563-4f9fe821000a",
        "timestamp" : "2023-08-10T18:35:41+00:00",
        "total" : 2,
        "parameter" : [{
          "name" : "excludeNested",
          "valueBoolean" : false
        },
        {
          "name" : "version",
          "valueUri" : "http://spms.min-saude.pt/bdnp/codesystem/med-request-modality|0.1.0-test"
        }],
        "contains" : [{
          "system" : "http://spms.min-saude.pt/bdnp/codesystem/med-request-modality",
          "code" : "RSP",
          "display" : "Receita sem papel"
        },
        {
          "system" : "http://spms.min-saude.pt/bdnp/codesystem/med-request-modality",
          "code" : "RCP",
          "display" : "Receita com papel"
        }]
      }
    }
  },
  {
    "fullUrl" : "http://example.com/fhir/example/ValueSet/EventCodeVS",
    "resource" : {
      "resourceType" : "ValueSet",
      "text" : {
        "status" : "generated",
        "div" : "<div xmlns=\"http://www.w3.org/1999/xhtml\"><p>This value set contains 2 concepts</p><p style=\"border: black 1px dotted; background-color: #EEEEEE; padding: 8px; margin-bottom: 8px\">Expansion based on <a href=\"CodeSystem-MeaningOrderCS.html\">MeaningOrderCS v0.1.0-test (CodeSystem)</a></p><table class=\"codes\"><tr><td style=\"white-space:nowrap\"><b>Code</b></td><td><b>System</b></td><td><b>Display</b></td></tr><tr><td style=\"white-space:nowrap\"><a name=\"http---spms.min-saude.pt-bdnp-codesystem-med-request-modality-RSP\"> </a>\u00a0\u00a0<a href=\"CodeSystem-MeaningOrderCS.html#MeaningOrderCS-RSP\">RSP</a></td><td>http://spms.min-saude.pt/bdnp/codesystem/med-request-modality</td><td>Receita sem papel</td></tr><tr><td style=\"white-space:nowrap\"><a name=\"http---spms.min-saude.pt-bdnp-codesystem-med-request-modality-RCP\"> </a>\u00a0\u00a0<a href=\"CodeSystem-MeaningOrderCS.html#MeaningOrderCS-RCP\">RCP</a></td><td>http://spms.min-saude.pt/bdnp/codesystem/med-request-modality</td><td>Receita com papel</td></tr></table></div>"
      },
      "url" : "http://example.com/fhir/example/ValueSet/EventCodeVS",
      "version" : "0.1.0-test",
      "name" : "EventCodeVS",
      "status" : "active",
      "date" : "2023-08-10T18:35:32+00:00",
      "jurisdiction" : [{
        "coding" : [{
          "system" : "http://unstats.un.org/unsd/methods/m49/m49.htm",
          "code" : "001"
        }]
      }],
      "expansion" : {
        "identifier" : "urn:uuid:1bb4f133-6ca9-4e2b-b0c4-7d52b9a82ff4",
        "timestamp" : "2023-08-10T18:35:41+00:00",
        "total" : 2,
        "parameter" : [{
          "name" : "excludeNested",
          "valueBoolean" : false
        },
        {
          "name" : "version",
          "valueUri" : "http://spms.min-saude.pt/bdnp/codesystem/med-request-modality|0.1.0-test"
        }],
        "contains" : [{
          "system" : "http://spms.min-saude.pt/bdnp/codesystem/med-request-modality",
          "code" : "RSP",
          "display" : "Receita sem papel"
        },
        {
          "system" : "http://spms.min-saude.pt/bdnp/codesystem/med-request-modality",
          "code" : "RCP",
          "display" : "Receita com papel"
        }]
      }
    }
  },
  {
    "fullUrl" : "http://example.com/fhir/example/ValueSet/MedPrescriptionFrequencyTimeVS",
    "resource" : {
      "resourceType" : "ValueSet",
      "text" : {
        "status" : "generated",
        "div" : "<div xmlns=\"http://www.w3.org/1999/xhtml\"><p>This value set contains 2 concepts</p><p style=\"border: black 1px dotted; background-color: #EEEEEE; padding: 8px; margin-bottom: 8px\">Expansion based on <a href=\"CodeSystem-MeaningOrderCS.html\">MeaningOrderCS v0.1.0-test (CodeSystem)</a></p><table class=\"codes\"><tr><td style=\"white-space:nowrap\"><b>Code</b></td><td><b>System</b></td><td><b>Display</b></td></tr><tr><td style=\"white-space:nowrap\"><a name=\"http---spms.min-saude.pt-bdnp-codesystem-med-request-modality-RSP\"> </a>\u00a0\u00a0<a href=\"CodeSystem-MeaningOrderCS.html#MeaningOrderCS-RSP\">RSP</a></td><td>http://spms.min-saude.pt/bdnp/codesystem/med-request-modality</td><td>Receita sem papel</td></tr><tr><td style=\"white-space:nowrap\"><a name=\"http---spms.min-saude.pt-bdnp-codesystem-med-request-modality-RCP\"> </a>\u00a0\u00a0<a href=\"CodeSystem-MeaningOrderCS.html#MeaningOrderCS-RCP\">RCP</a></td><td>http://spms.min-saude.pt/bdnp/codesystem/med-request-modality</td><td>Receita com papel</td></tr></table></div>"
      },
      "url" : "http://example.com/fhir/example/ValueSet/MedPrescriptionFrequencyTimeVS",
      "version" : "0.1.0-test",
      "name" : "MedPrescriptionFrequencyTimeVS",
      "status" : "active",
      "date" : "2023-08-10T18:35:32+00:00",
      "jurisdiction" : [{
        "coding" : [{
          "system" : "http://unstats.un.org/unsd/methods/m49/m49.htm",
          "code" : "001"
        }]
      }],
      "expansion" : {
        "identifier" : "urn:uuid:71efcdec-8021-435d-b8db-d94f4ae33f4e",
        "timestamp" : "2023-08-10T18:35:41+00:00",
        "total" : 2,
        "parameter" : [{
          "name" : "excludeNested",
          "valueBoolean" : false
        },
        {
          "name" : "version",
          "valueUri" : "http://spms.min-saude.pt/bdnp/codesystem/med-request-modality|0.1.0-test"
        }],
        "contains" : [{
          "system" : "http://spms.min-saude.pt/bdnp/codesystem/med-request-modality",
          "code" : "RSP",
          "display" : "Receita sem papel"
        },
        {
          "system" : "http://spms.min-saude.pt/bdnp/codesystem/med-request-modality",
          "code" : "RCP",
          "display" : "Receita com papel"
        }]
      }
    }
  },
  {
    "fullUrl" : "http://example.com/fhir/example/ValueSet/MedPrescriptionFramingTypeVS",
    "resource" : {
      "resourceType" : "ValueSet",
      "text" : {
        "status" : "generated",
        "div" : "<div xmlns=\"http://www.w3.org/1999/xhtml\"><p>This value set contains 2 concepts</p><p style=\"border: black 1px dotted; background-color: #EEEEEE; padding: 8px; margin-bottom: 8px\">Expansion based on <a href=\"CodeSystem-MeaningOrderCS.html\">MeaningOrderCS v0.1.0-test (CodeSystem)</a></p><table class=\"codes\"><tr><td style=\"white-space:nowrap\"><b>Code</b></td><td><b>System</b></td><td><b>Display</b></td></tr><tr><td style=\"white-space:nowrap\"><a name=\"http---spms.min-saude.pt-bdnp-codesystem-med-request-modality-RSP\"> </a>\u00a0\u00a0<a href=\"CodeSystem-MeaningOrderCS.html#MeaningOrderCS-RSP\">RSP</a></td><td>http://spms.min-saude.pt/bdnp/codesystem/med-request-modality</td><td>Receita sem papel</td></tr><tr><td style=\"white-space:nowrap\"><a name=\"http---spms.min-saude.pt-bdnp-codesystem-med-request-modality-RCP\"> </a>\u00a0\u00a0<a href=\"CodeSystem-MeaningOrderCS.html#MeaningOrderCS-RCP\">RCP</a></td><td>http://spms.min-saude.pt/bdnp/codesystem/med-request-modality</td><td>Receita com papel</td></tr></table></div>"
      },
      "url" : "http://example.com/fhir/example/ValueSet/MedPrescriptionFramingTypeVS",
      "version" : "0.1.0-test",
      "name" : "MedPrescriptionFramingTypeVS",
      "status" : "active",
      "date" : "2023-08-10T18:35:32+00:00",
      "jurisdiction" : [{
        "coding" : [{
          "system" : "http://unstats.un.org/unsd/methods/m49/m49.htm",
          "code" : "001"
        }]
      }],
      "expansion" : {
        "identifier" : "urn:uuid:0380e652-1c68-4335-9d2d-b6865a87dce3",
        "timestamp" : "2023-08-10T18:35:41+00:00",
        "total" : 2,
        "parameter" : [{
          "name" : "excludeNested",
          "valueBoolean" : false
        },
        {
          "name" : "version",
          "valueUri" : "http://spms.min-saude.pt/bdnp/codesystem/med-request-modality|0.1.0-test"
        }],
        "contains" : [{
          "system" : "http://spms.min-saude.pt/bdnp/codesystem/med-request-modality",
          "code" : "RSP",
          "display" : "Receita sem papel"
        },
        {
          "system" : "http://spms.min-saude.pt/bdnp/codesystem/med-request-modality",
          "code" : "RCP",
          "display" : "Receita com papel"
        }]
      }
    }
  },
  {
    "fullUrl" : "http://example.com/fhir/example/ValueSet/episodeServiceSpecialtyVS",
    "resource" : {
      "resourceType" : "ValueSet",
      "text" : {
        "status" : "generated",
        "div" : "<div xmlns=\"http://www.w3.org/1999/xhtml\"><p>This value set contains 2 concepts</p><p style=\"border: black 1px dotted; background-color: #EEEEEE; padding: 8px; margin-bottom: 8px\">Expansion based on <a href=\"CodeSystem-MeaningOrderCS.html\">MeaningOrderCS v0.1.0-test (CodeSystem)</a></p><table class=\"codes\"><tr><td style=\"white-space:nowrap\"><b>Code</b></td><td><b>System</b></td><td><b>Display</b></td></tr><tr><td style=\"white-space:nowrap\"><a name=\"http---spms.min-saude.pt-bdnp-codesystem-med-request-modality-RSP\"> </a>\u00a0\u00a0<a href=\"CodeSystem-MeaningOrderCS.html#MeaningOrderCS-RSP\">RSP</a></td><td>http://spms.min-saude.pt/bdnp/codesystem/med-request-modality</td><td>Receita sem papel</td></tr><tr><td style=\"white-space:nowrap\"><a name=\"http---spms.min-saude.pt-bdnp-codesystem-med-request-modality-RCP\"> </a>\u00a0\u00a0<a href=\"CodeSystem-MeaningOrderCS.html#MeaningOrderCS-RCP\">RCP</a></td><td>http://spms.min-saude.pt/bdnp/codesystem/med-request-modality</td><td>Receita com papel</td></tr></table></div>"
      },
      "url" : "http://example.com/fhir/example/ValueSet/episodeServiceSpecialtyVS",
      "version" : "0.1.0-test",
      "name" : "episodeServiceSpecialtyVS",
      "status" : "active",
      "date" : "2023-08-10T18:35:32+00:00",
      "jurisdiction" : [{
        "coding" : [{
          "system" : "http://unstats.un.org/unsd/methods/m49/m49.htm",
          "code" : "001"
        }]
      }],
      "expansion" : {
        "identifier" : "urn:uuid:069be68f-5646-4e04-855f-c84bb55f3e72",
        "timestamp" : "2023-08-10T18:35:41+00:00",
        "total" : 2,
        "parameter" : [{
          "name" : "excludeNested",
          "valueBoolean" : false
        },
        {
          "name" : "version",
          "valueUri" : "http://spms.min-saude.pt/bdnp/codesystem/med-request-modality|0.1.0-test"
        }],
        "contains" : [{
          "system" : "http://spms.min-saude.pt/bdnp/codesystem/med-request-modality",
          "code" : "RSP",
          "display" : "Receita sem papel"
        },
        {
          "system" : "http://spms.min-saude.pt/bdnp/codesystem/med-request-modality",
          "code" : "RCP",
          "display" : "Receita com papel"
        }]
      }
    }
  },
  {
    "fullUrl" : "http://example.com/fhir/example/ValueSet/MedPrescriptionDurationVS",
    "resource" : {
      "resourceType" : "ValueSet",
      "text" : {
        "status" : "generated",
        "div" : "<div xmlns=\"http://www.w3.org/1999/xhtml\"><p>This value set contains 2 concepts</p><p style=\"border: black 1px dotted; background-color: #EEEEEE; padding: 8px; margin-bottom: 8px\">Expansion based on <a href=\"CodeSystem-MeaningOrderCS.html\">MeaningOrderCS v0.1.0-test (CodeSystem)</a></p><table class=\"codes\"><tr><td style=\"white-space:nowrap\"><b>Code</b></td><td><b>System</b></td><td><b>Display</b></td></tr><tr><td style=\"white-space:nowrap\"><a name=\"http---spms.min-saude.pt-bdnp-codesystem-med-request-modality-RSP\"> </a>\u00a0\u00a0<a href=\"CodeSystem-MeaningOrderCS.html#MeaningOrderCS-RSP\">RSP</a></td><td>http://spms.min-saude.pt/bdnp/codesystem/med-request-modality</td><td>Receita sem papel</td></tr><tr><td style=\"white-space:nowrap\"><a name=\"http---spms.min-saude.pt-bdnp-codesystem-med-request-modality-RCP\"> </a>\u00a0\u00a0<a href=\"CodeSystem-MeaningOrderCS.html#MeaningOrderCS-RCP\">RCP</a></td><td>http://spms.min-saude.pt/bdnp/codesystem/med-request-modality</td><td>Receita com papel</td></tr></table></div>"
      },
      "url" : "http://example.com/fhir/example/ValueSet/MedPrescriptionDurationVS",
      "version" : "0.1.0-test",
      "name" : "MedPrescriptionDurationVS",
      "status" : "active",
      "date" : "2023-08-10T18:35:32+00:00",
      "jurisdiction" : [{
        "coding" : [{
          "system" : "http://unstats.un.org/unsd/methods/m49/m49.htm",
          "code" : "001"
        }]
      }],
      "expansion" : {
        "identifier" : "urn:uuid:c59f6017-2597-4002-ae8e-9483b6c335f5",
        "timestamp" : "2023-08-10T18:35:41+00:00",
        "total" : 2,
        "parameter" : [{
          "name" : "excludeNested",
          "valueBoolean" : false
        },
        {
          "name" : "version",
          "valueUri" : "http://spms.min-saude.pt/bdnp/codesystem/med-request-modality|0.1.0-test"
        }],
        "contains" : [{
          "system" : "http://spms.min-saude.pt/bdnp/codesystem/med-request-modality",
          "code" : "RSP",
          "display" : "Receita sem papel"
        },
        {
          "system" : "http://spms.min-saude.pt/bdnp/codesystem/med-request-modality",
          "code" : "RCP",
          "display" : "Receita com papel"
        }]
      }
    }
  },
  {
    "fullUrl" : "http://example.com/fhir/example/ValueSet/CardInfoTypeVS",
    "resource" : {
      "resourceType" : "ValueSet",
      "text" : {
        "status" : "generated",
        "div" : "<div xmlns=\"http://www.w3.org/1999/xhtml\"><p>This value set contains 2 concepts</p><p style=\"border: black 1px dotted; background-color: #EEEEEE; padding: 8px; margin-bottom: 8px\">Expansion based on <a href=\"CodeSystem-MeaningOrderCS.html\">MeaningOrderCS v0.1.0-test (CodeSystem)</a></p><table class=\"codes\"><tr><td style=\"white-space:nowrap\"><b>Code</b></td><td><b>System</b></td><td><b>Display</b></td></tr><tr><td style=\"white-space:nowrap\"><a name=\"http---spms.min-saude.pt-bdnp-codesystem-med-request-modality-RSP\"> </a>\u00a0\u00a0<a href=\"CodeSystem-MeaningOrderCS.html#MeaningOrderCS-RSP\">RSP</a></td><td>http://spms.min-saude.pt/bdnp/codesystem/med-request-modality</td><td>Receita sem papel</td></tr><tr><td style=\"white-space:nowrap\"><a name=\"http---spms.min-saude.pt-bdnp-codesystem-med-request-modality-RCP\"> </a>\u00a0\u00a0<a href=\"CodeSystem-MeaningOrderCS.html#MeaningOrderCS-RCP\">RCP</a></td><td>http://spms.min-saude.pt/bdnp/codesystem/med-request-modality</td><td>Receita com papel</td></tr></table></div>"
      },
      "url" : "http://example.com/fhir/example/ValueSet/CardInfoTypeVS",
      "version" : "0.1.0-test",
      "name" : "CardInfoTypeVS",
      "status" : "active",
      "date" : "2023-08-10T18:35:32+00:00",
      "jurisdiction" : [{
        "coding" : [{
          "system" : "http://unstats.un.org/unsd/methods/m49/m49.htm",
          "code" : "001"
        }]
      }],
      "expansion" : {
        "identifier" : "urn:uuid:c097137c-2f7c-431e-94ce-1946303c03a2",
        "timestamp" : "2023-08-10T18:35:41+00:00",
        "total" : 2,
        "parameter" : [{
          "name" : "excludeNested",
          "valueBoolean" : false
        },
        {
          "name" : "version",
          "valueUri" : "http://spms.min-saude.pt/bdnp/codesystem/med-request-modality|0.1.0-test"
        }],
        "contains" : [{
          "system" : "http://spms.min-saude.pt/bdnp/codesystem/med-request-modality",
          "code" : "RSP",
          "display" : "Receita sem papel"
        },
        {
          "system" : "http://spms.min-saude.pt/bdnp/codesystem/med-request-modality",
          "code" : "RCP",
          "display" : "Receita com papel"
        }]
      }
    }
  },
  {
    "fullUrl" : "http://example.com/fhir/example/ValueSet/MedPrescriptionFramingDispenseVS",
    "resource" : {
      "resourceType" : "ValueSet",
      "text" : {
        "status" : "generated",
        "div" : "<div xmlns=\"http://www.w3.org/1999/xhtml\"><p>This value set contains 2 concepts</p><p style=\"border: black 1px dotted; background-color: #EEEEEE; padding: 8px; margin-bottom: 8px\">Expansion based on <a href=\"CodeSystem-MeaningOrderCS.html\">MeaningOrderCS v0.1.0-test (CodeSystem)</a></p><table class=\"codes\"><tr><td style=\"white-space:nowrap\"><b>Code</b></td><td><b>System</b></td><td><b>Display</b></td></tr><tr><td style=\"white-space:nowrap\"><a name=\"http---spms.min-saude.pt-bdnp-codesystem-med-request-modality-RSP\"> </a>\u00a0\u00a0<a href=\"CodeSystem-MeaningOrderCS.html#MeaningOrderCS-RSP\">RSP</a></td><td>http://spms.min-saude.pt/bdnp/codesystem/med-request-modality</td><td>Receita sem papel</td></tr><tr><td style=\"white-space:nowrap\"><a name=\"http---spms.min-saude.pt-bdnp-codesystem-med-request-modality-RCP\"> </a>\u00a0\u00a0<a href=\"CodeSystem-MeaningOrderCS.html#MeaningOrderCS-RCP\">RCP</a></td><td>http://spms.min-saude.pt/bdnp/codesystem/med-request-modality</td><td>Receita com papel</td></tr></table></div>"
      },
      "url" : "http://example.com/fhir/example/ValueSet/MedPrescriptionFramingDispenseVS",
      "version" : "0.1.0-test",
      "name" : "MedPrescriptionFramingDispenseVS",
      "status" : "active",
      "date" : "2023-08-10T18:35:32+00:00",
      "jurisdiction" : [{
        "coding" : [{
          "system" : "http://unstats.un.org/unsd/methods/m49/m49.htm",
          "code" : "001"
        }]
      }],
      "expansion" : {
        "identifier" : "urn:uuid:27c590d3-5fbc-4f1d-8028-ea331b497fe8",
        "timestamp" : "2023-08-10T18:35:41+00:00",
        "total" : 2,
        "parameter" : [{
          "name" : "excludeNested",
          "valueBoolean" : false
        },
        {
          "name" : "version",
          "valueUri" : "http://spms.min-saude.pt/bdnp/codesystem/med-request-modality|0.1.0-test"
        }],
        "contains" : [{
          "system" : "http://spms.min-saude.pt/bdnp/codesystem/med-request-modality",
          "code" : "RSP",
          "display" : "Receita sem papel"
        },
        {
          "system" : "http://spms.min-saude.pt/bdnp/codesystem/med-request-modality",
          "code" : "RCP",
          "display" : "Receita com papel"
        }]
      }
    }
  },
  {
    "fullUrl" : "http://example.com/fhir/example/ValueSet/MeaningOrderVS",
    "resource" : {
      "resourceType" : "ValueSet",
      "text" : {
        "status" : "generated",
        "div" : "<div xmlns=\"http://www.w3.org/1999/xhtml\"><p>This value set contains 2 concepts</p><p style=\"border: black 1px dotted; background-color: #EEEEEE; padding: 8px; margin-bottom: 8px\">Expansion based on <a href=\"CodeSystem-MeaningOrderCS.html\">MeaningOrderCS v0.1.0-test (CodeSystem)</a></p><table class=\"codes\"><tr><td style=\"white-space:nowrap\"><b>Code</b></td><td><b>System</b></td><td><b>Display</b></td></tr><tr><td style=\"white-space:nowrap\"><a name=\"http---spms.min-saude.pt-bdnp-codesystem-med-request-modality-RSP\"> </a>\u00a0\u00a0<a href=\"CodeSystem-MeaningOrderCS.html#MeaningOrderCS-RSP\">RSP</a></td><td>http://spms.min-saude.pt/bdnp/codesystem/med-request-modality</td><td>Receita sem papel</td></tr><tr><td style=\"white-space:nowrap\"><a name=\"http---spms.min-saude.pt-bdnp-codesystem-med-request-modality-RCP\"> </a>\u00a0\u00a0<a href=\"CodeSystem-MeaningOrderCS.html#MeaningOrderCS-RCP\">RCP</a></td><td>http://spms.min-saude.pt/bdnp/codesystem/med-request-modality</td><td>Receita com papel</td></tr></table></div>"
      },
      "url" : "http://example.com/fhir/example/ValueSet/MeaningOrderVS",
      "version" : "0.1.0-test",
      "name" : "MeaningOrderVS",
      "status" : "active",
      "date" : "2023-08-10T18:35:32+00:00",
      "jurisdiction" : [{
        "coding" : [{
          "system" : "http://unstats.un.org/unsd/methods/m49/m49.htm",
          "code" : "001"
        }]
      }],
      "expansion" : {
        "identifier" : "urn:uuid:a78b3c0f-0cdf-4d4f-9a38-06c1e49b9bb7",
        "timestamp" : "2023-08-10T18:35:41+00:00",
        "total" : 2,
        "parameter" : [{
          "name" : "excludeNested",
          "valueBoolean" : false
        },
        {
          "name" : "version",
          "valueUri" : "http://spms.min-saude.pt/bdnp/codesystem/med-request-modality|0.1.0-test"
        }],
        "contains" : [{
          "system" : "http://spms.min-saude.pt/bdnp/codesystem/med-request-modality",
          "code" : "RSP",
          "display" : "Receita sem papel"
        },
        {
          "system" : "http://spms.min-saude.pt/bdnp/codesystem/med-request-modality",
          "code" : "RCP",
          "display" : "Receita com papel"
        }]
      }
    }
  },
  {
    "fullUrl" : "http://example.com/fhir/example/ValueSet/MedPrescriptionCancelReasonVS",
    "resource" : {
      "resourceType" : "ValueSet",
      "text" : {
        "status" : "generated",
        "div" : "<div xmlns=\"http://www.w3.org/1999/xhtml\"><p>This value set contains 2 concepts</p><p style=\"border: black 1px dotted; background-color: #EEEEEE; padding: 8px; margin-bottom: 8px\">Expansion based on <a href=\"CodeSystem-MeaningOrderCS.html\">MeaningOrderCS v0.1.0-test (CodeSystem)</a></p><table class=\"codes\"><tr><td style=\"white-space:nowrap\"><b>Code</b></td><td><b>System</b></td><td><b>Display</b></td></tr><tr><td style=\"white-space:nowrap\"><a name=\"http---spms.min-saude.pt-bdnp-codesystem-med-request-modality-RSP\"> </a>\u00a0\u00a0<a href=\"CodeSystem-MeaningOrderCS.html#MeaningOrderCS-RSP\">RSP</a></td><td>http://spms.min-saude.pt/bdnp/codesystem/med-request-modality</td><td>Receita sem papel</td></tr><tr><td style=\"white-space:nowrap\"><a name=\"http---spms.min-saude.pt-bdnp-codesystem-med-request-modality-RCP\"> </a>\u00a0\u00a0<a href=\"CodeSystem-MeaningOrderCS.html#MeaningOrderCS-RCP\">RCP</a></td><td>http://spms.min-saude.pt/bdnp/codesystem/med-request-modality</td><td>Receita com papel</td></tr></table></div>"
      },
      "url" : "http://example.com/fhir/example/ValueSet/MedPrescriptionCancelReasonVS",
      "version" : "0.1.0-test",
      "name" : "MedPrescriptionCancelReasonVS",
      "status" : "active",
      "date" : "2023-08-10T18:35:32+00:00",
      "jurisdiction" : [{
        "coding" : [{
          "system" : "http://unstats.un.org/unsd/methods/m49/m49.htm",
          "code" : "001"
        }]
      }],
      "expansion" : {
        "identifier" : "urn:uuid:0e65117d-1461-4e41-8d7e-568b61a4d3ac",
        "timestamp" : "2023-08-10T18:35:41+00:00",
        "total" : 2,
        "parameter" : [{
          "name" : "excludeNested",
          "valueBoolean" : false
        },
        {
          "name" : "version",
          "valueUri" : "http://spms.min-saude.pt/bdnp/codesystem/med-request-modality|0.1.0-test"
        }],
        "contains" : [{
          "system" : "http://spms.min-saude.pt/bdnp/codesystem/med-request-modality",
          "code" : "RSP",
          "display" : "Receita sem papel"
        },
        {
          "system" : "http://spms.min-saude.pt/bdnp/codesystem/med-request-modality",
          "code" : "RCP",
          "display" : "Receita com papel"
        }]
      }
    }
  },
  {
    "fullUrl" : "http://example.com/fhir/example/ValueSet/AddressTypeVS",
    "resource" : {
      "resourceType" : "ValueSet",
      "text" : {
        "status" : "generated",
        "div" : "<div xmlns=\"http://www.w3.org/1999/xhtml\"><p>This value set contains 2 concepts</p><p style=\"border: black 1px dotted; background-color: #EEEEEE; padding: 8px; margin-bottom: 8px\">Expansion based on <a href=\"CodeSystem-MeaningOrderCS.html\">MeaningOrderCS v0.1.0-test (CodeSystem)</a></p><table class=\"codes\"><tr><td style=\"white-space:nowrap\"><b>Code</b></td><td><b>System</b></td><td><b>Display</b></td></tr><tr><td style=\"white-space:nowrap\"><a name=\"http---spms.min-saude.pt-bdnp-codesystem-med-request-modality-RSP\"> </a>\u00a0\u00a0<a href=\"CodeSystem-MeaningOrderCS.html#MeaningOrderCS-RSP\">RSP</a></td><td>http://spms.min-saude.pt/bdnp/codesystem/med-request-modality</td><td>Receita sem papel</td></tr><tr><td style=\"white-space:nowrap\"><a name=\"http---spms.min-saude.pt-bdnp-codesystem-med-request-modality-RCP\"> </a>\u00a0\u00a0<a href=\"CodeSystem-MeaningOrderCS.html#MeaningOrderCS-RCP\">RCP</a></td><td>http://spms.min-saude.pt/bdnp/codesystem/med-request-modality</td><td>Receita com papel</td></tr></table></div>"
      },
      "url" : "http://example.com/fhir/example/ValueSet/AddressTypeVS",
      "version" : "0.1.0-test",
      "name" : "AddressTypeVS",
      "status" : "active",
      "date" : "2023-08-10T18:35:32+00:00",
      "jurisdiction" : [{
        "coding" : [{
          "system" : "http://unstats.un.org/unsd/methods/m49/m49.htm",
          "code" : "001"
        }]
      }],
      "expansion" : {
        "identifier" : "urn:uuid:0528ec7b-958d-40a3-aa07-496f5f094610",
        "timestamp" : "2023-08-10T18:35:41+00:00",
        "total" : 2,
        "parameter" : [{
          "name" : "excludeNested",
          "valueBoolean" : false
        },
        {
          "name" : "version",
          "valueUri" : "http://spms.min-saude.pt/bdnp/codesystem/med-request-modality|0.1.0-test"
        }],
        "contains" : [{
          "system" : "http://spms.min-saude.pt/bdnp/codesystem/med-request-modality",
          "code" : "RSP",
          "display" : "Receita sem papel"
        },
        {
          "system" : "http://spms.min-saude.pt/bdnp/codesystem/med-request-modality",
          "code" : "RCP",
          "display" : "Receita com papel"
        }]
      }
    }
  },
  {
    "fullUrl" : "http://example.com/fhir/example/ValueSet/EventagsVS",
    "resource" : {
      "resourceType" : "ValueSet",
      "text" : {
        "status" : "generated",
        "div" : "<div xmlns=\"http://www.w3.org/1999/xhtml\"><p>This value set contains 2 concepts</p><p style=\"border: black 1px dotted; background-color: #EEEEEE; padding: 8px; margin-bottom: 8px\">Expansion based on <a href=\"CodeSystem-MeaningOrderCS.html\">MeaningOrderCS v0.1.0-test (CodeSystem)</a></p><table class=\"codes\"><tr><td style=\"white-space:nowrap\"><b>Code</b></td><td><b>System</b></td><td><b>Display</b></td></tr><tr><td style=\"white-space:nowrap\"><a name=\"http---spms.min-saude.pt-bdnp-codesystem-med-request-modality-RSP\"> </a>\u00a0\u00a0<a href=\"CodeSystem-MeaningOrderCS.html#MeaningOrderCS-RSP\">RSP</a></td><td>http://spms.min-saude.pt/bdnp/codesystem/med-request-modality</td><td>Receita sem papel</td></tr><tr><td style=\"white-space:nowrap\"><a name=\"http---spms.min-saude.pt-bdnp-codesystem-med-request-modality-RCP\"> </a>\u00a0\u00a0<a href=\"CodeSystem-MeaningOrderCS.html#MeaningOrderCS-RCP\">RCP</a></td><td>http://spms.min-saude.pt/bdnp/codesystem/med-request-modality</td><td>Receita com papel</td></tr></table></div>"
      },
      "url" : "http://example.com/fhir/example/ValueSet/EventagsVS",
      "version" : "0.1.0-test",
      "name" : "EventagsVS",
      "status" : "active",
      "date" : "2023-08-10T18:35:32+00:00",
      "jurisdiction" : [{
        "coding" : [{
          "system" : "http://unstats.un.org/unsd/methods/m49/m49.htm",
          "code" : "001"
        }]
      }],
      "expansion" : {
        "identifier" : "urn:uuid:2beb6cac-ca6e-409b-a7a2-515b3d470494",
        "timestamp" : "2023-08-10T18:35:41+00:00",
        "total" : 2,
        "parameter" : [{
          "name" : "excludeNested",
          "valueBoolean" : false
        },
        {
          "name" : "version",
          "valueUri" : "http://spms.min-saude.pt/bdnp/codesystem/med-request-modality|0.1.0-test"
        }],
        "contains" : [{
          "system" : "http://spms.min-saude.pt/bdnp/codesystem/med-request-modality",
          "code" : "RSP",
          "display" : "Receita sem papel"
        },
        {
          "system" : "http://spms.min-saude.pt/bdnp/codesystem/med-request-modality",
          "code" : "RCP",
          "display" : "Receita com papel"
        }]
      }
    }
  }]
}