<?xml version="1.0" encoding="UTF-8"?>

<MessageHeader xmlns="http://hl7.org/fhir">
  <id value="db6428bf-1e58-48d4-9102-b85d6c716bb1"/>
  <meta>
    <lastUpdated value="2019-10-10T23:10:23+00:00"/>
    <profile value="http://example.com/fhir/example/StructureDefinition/msh-profile"/>
    <profile value="http://spms.min-saude.pt/fhir/iop/profiles/med-prescription-synchronization-msh/v1-0-3"/>
    <tag>
      <system value="http://spms.min-saude.pt/iop/event-meta-tags"/>
      <code value="10911"/>
      <display value="MED PRESCRIPTION NEW"/>
    </tag>
  </meta>
  <text>
    <status value="generated"/><div xmlns="http://www.w3.org/1999/xhtml"><p><b>Generated Narrative: MessageHeader</b><a name="db6428bf-1e58-48d4-9102-b85d6c716bb1"> </a></p><div style="display: inline-block; background-color: #d9e0e7; padding: 6px; margin: 4px; border: 1px solid #8da1b4; border-radius: 5px; line-height: 60%"><p style="margin-bottom: 0px">Resource MessageHeader &quot;db6428bf-1e58-48d4-9102-b85d6c716bb1&quot; Updated &quot;2019-10-10 23:10:23+0000&quot; </p><p style="margin-bottom: 0px">Profiles: <a href="StructureDefinition-msh-profile.html">Perfil MessageHeader</a>, <code>http://spms.min-saude.pt/fhir/iop/profiles/med-prescription-synchronization-msh/v1-0-3</code></p><p style="margin-bottom: 0px">Tag: <span title="{http://spms.min-saude.pt/iop/event-meta-tags http://spms.min-saude.pt/iop/event-meta-tags}">http://spms.min-saude.pt/iop/event-meta-tags</span></p></div><p><b>event</b>: 10724 (Details: http://spms.min-saude.pt/iop/events code 10724 = '10724', stated as 'null')</p><p><b>receiver</b>: <a href="Organization-dec4d0d7-b8dd-4c6f-9c7e-71ca0ee53ace.html">Organization/dec4d0d7-b8dd-4c6f-9c7e-71ca0ee53ace: Organização Origem</a> &quot;Sclinico Hospitalar&quot;</p><p><b>sender</b>: <a href="Organization-dec4d0d7-b8dd-4c6f-9c7e-71ca0ee53ace.html">Organization/dec4d0d7-b8dd-4c6f-9c7e-71ca0ee53ace: Organização Origem</a> &quot;Sclinico Hospitalar&quot;</p><h3>Sources</h3><table class="grid"><tr><td>-</td><td><b>Name</b></td><td><b>Endpoint</b></td></tr><tr><td>*</td><td>Aplicação Origem</td><td><code>Endpont_Aplicação_Origem</code></td></tr></table><p><b>focus</b>: <a href="RequestGroup-25f1ea48-e0ef-405e-86fc-498ae907f6df.html">RequestGroup/25f1ea48-e0ef-405e-86fc-498ae907f6df</a></p></div>
  </text>
  <event>
    <system value="http://spms.min-saude.pt/iop/events"/>
    <code value="10724"/>
  </event>
  <receiver>
    <reference value="Organization/dec4d0d7-b8dd-4c6f-9c7e-71ca0ee53ace"/>
    <display value="Organização Origem"/>
  </receiver>
  <sender>
    <reference value="Organization/dec4d0d7-b8dd-4c6f-9c7e-71ca0ee53ace"/>
    <display value="Organização Origem"/>
  </sender>
  <source>
    <name value="Aplicação Origem"/>
    <endpoint value="Endpont_Aplicação_Origem"/>
  </source>
  <focus>
    <reference value="RequestGroup/25f1ea48-e0ef-405e-86fc-498ae907f6df"/>
  </focus>
</MessageHeader>