{
  "resourceType" : "Organization",
  "id" : "fab4d0d7-b8dd-4c6f-9c7e-71ca0ee53ac",
  "text" : {
    "status" : "generated",
    "div" : "<div xmlns=\"http://www.w3.org/1999/xhtml\"><p><b>Generated Narrative: Organization</b><a name=\"fab4d0d7-b8dd-4c6f-9c7e-71ca0ee53ac\"> </a></p><div style=\"display: inline-block; background-color: #d9e0e7; padding: 6px; margin: 4px; border: 1px solid #8da1b4; border-radius: 5px; line-height: 60%\"><p style=\"margin-bottom: 0px\">Resource Organization &quot;fab4d0d7-b8dd-4c6f-9c7e-71ca0ee53ac&quot; </p></div><p><b>identifier</b>: id:\u00a03113408</p><p><b>name</b>: Provedor de Serviços de Cardiologia</p><p><b>telecom</b>: <a href=\"mailto:PedroAlvaresCabral@dominio.pt\">PedroAlvaresCabral@dominio.pt</a></p><p><b>partOf</b>: <a href=\"Organization-dec4d0d7-b8dd-4c6f-9c7e-71ca0ee53ace.html\">Organization/dec4d0d7-b8dd-4c6f-9c7e-71ca0ee53ace</a> &quot;Sclinico Hospitalar&quot;</p></div>"
  },
  "identifier" : [{
    "system" : "http://spms.min-saude.pt/sges/identifiers/entity-id",
    "value" : "3113408"
  }],
  "name" : "Provedor de Serviços de Cardiologia",
  "telecom" : [{
    "system" : "email",
    "value" : "PedroAlvaresCabral@dominio.pt"
  }],
  "partOf" : {
    "reference" : "Organization/dec4d0d7-b8dd-4c6f-9c7e-71ca0ee53ace"
  }
}