{"resourceType":"ImplementationGuide","id":"hl7.fhir.pt.pem-h","text":{"status":"extensions","div":"<div xmlns=\"http://www.w3.org/1999/xhtml\"><h2>hl7-pt-pem-h</h2><p>The official URL for this implementation guide is: </p><pre>http://somewhere.org/fhir/uv/myig/ImplementationGuide/hl7.fhir.pt.pem-h</pre><div><p>A brief description of what this IG is about</p>\n</div></div>"},"url":"http://somewhere.org/fhir/uv/myig/ImplementationGuide/hl7.fhir.pt.pem-h","version":"0.1.0-test","name":"hl7-pt-pem-h","status":"draft","experimental":false,"date":"2023-08-10T18:35:32+00:00","publisher":"HL7 PT TC","contact":[{"telecom":[{"system":"url","value":"http://hl7.org/Special/committees/[something]"}]}],"description":"A brief description of what this IG is about ","jurisdiction":[{"coding":[{"system":"http://unstats.un.org/unsd/methods/m49/m49.htm","code":"001"}]}],"fhirVersion":"3.0.2","dependency":[{"extension":[{"url":"http://hl7.org/fhir/4.0/StructureDefinition/extension-ImplementationGuide.dependsOn.packageId","valueId":"hl7.terminology.r3"},{"url":"http://hl7.org/fhir/4.0/StructureDefinition/extension-ImplementationGuide.dependsOn.version","valueString":"4.0.0"}],"type":"reference","uri":"http://terminology.hl7.org/ImplementationGuide/hl7.terminology"}],"package":[{"id":"-term-valueset","name":"Terminology: Value Sets","description":"These define sets of codes used by systems conforming to this implementation guide.","resource":[{"extension":[{"url":"http://hl7.org/fhir/tools/StructureDefinition/resource-sort","valueInteger":999999999},{"url":"http://hl7.org/fhir/StructureDefinition/implementationguide-page","valueUri":"ValueSet-AddressTypeVS.html"}],"example":false,"sourceReference":{"reference":"ValueSet/AddressTypeVS"}},{"extension":[{"url":"http://hl7.org/fhir/tools/StructureDefinition/resource-sort","valueInteger":999999999},{"url":"http://hl7.org/fhir/StructureDefinition/implementationguide-page","valueUri":"ValueSet-CardCountryVS.html"}],"example":false,"sourceReference":{"reference":"ValueSet/CardCountryVS"}},{"extension":[{"url":"http://hl7.org/fhir/tools/StructureDefinition/resource-sort","valueInteger":999999999},{"url":"http://hl7.org/fhir/StructureDefinition/implementationguide-page","valueUri":"ValueSet-CardInfoTypeVS.html"}],"example":false,"sourceReference":{"reference":"ValueSet/CardInfoTypeVS"}},{"extension":[{"url":"http://hl7.org/fhir/tools/StructureDefinition/resource-sort","valueInteger":999999999},{"url":"http://hl7.org/fhir/StructureDefinition/implementationguide-page","valueUri":"ValueSet-EventCodeVS.html"}],"example":false,"sourceReference":{"reference":"ValueSet/EventCodeVS"}},{"extension":[{"url":"http://hl7.org/fhir/tools/StructureDefinition/resource-sort","valueInteger":999999999},{"url":"http://hl7.org/fhir/StructureDefinition/implementationguide-page","valueUri":"ValueSet-EventagsVS.html"}],"example":false,"sourceReference":{"reference":"ValueSet/EventagsVS"}},{"extension":[{"url":"http://hl7.org/fhir/tools/StructureDefinition/resource-sort","valueInteger":999999999},{"url":"http://hl7.org/fhir/StructureDefinition/implementationguide-page","valueUri":"ValueSet-MeaningOrderVS.html"}],"example":false,"sourceReference":{"reference":"ValueSet/MeaningOrderVS"}},{"extension":[{"url":"http://hl7.org/fhir/tools/StructureDefinition/resource-sort","valueInteger":999999999},{"url":"http://hl7.org/fhir/StructureDefinition/implementationguide-page","valueUri":"ValueSet-MedPrescriptionCancelReasonVS.html"}],"example":false,"sourceReference":{"reference":"ValueSet/MedPrescriptionCancelReasonVS"}},{"extension":[{"url":"http://hl7.org/fhir/tools/StructureDefinition/resource-sort","valueInteger":999999999},{"url":"http://hl7.org/fhir/StructureDefinition/implementationguide-page","valueUri":"ValueSet-MedPrescriptionDurationVS.html"}],"example":false,"sourceReference":{"reference":"ValueSet/MedPrescriptionDurationVS"}},{"extension":[{"url":"http://hl7.org/fhir/tools/StructureDefinition/resource-sort","valueInteger":999999999},{"url":"http://hl7.org/fhir/StructureDefinition/implementationguide-page","valueUri":"ValueSet-MedPrescriptionFramingDispenseVS.html"}],"example":false,"sourceReference":{"reference":"ValueSet/MedPrescriptionFramingDispenseVS"}},{"extension":[{"url":"http://hl7.org/fhir/tools/StructureDefinition/resource-sort","valueInteger":999999999},{"url":"http://hl7.org/fhir/StructureDefinition/implementationguide-page","valueUri":"ValueSet-MedPrescriptionFramingTypeVS.html"}],"example":false,"sourceReference":{"reference":"ValueSet/MedPrescriptionFramingTypeVS"}},{"extension":[{"url":"http://hl7.org/fhir/tools/StructureDefinition/resource-sort","valueInteger":999999999},{"url":"http://hl7.org/fhir/StructureDefinition/implementationguide-page","valueUri":"ValueSet-MedPrescriptionFrequencyTimeVS.html"}],"example":false,"sourceReference":{"reference":"ValueSet/MedPrescriptionFrequencyTimeVS"}},{"extension":[{"url":"http://hl7.org/fhir/tools/StructureDefinition/resource-sort","valueInteger":999999999},{"url":"http://hl7.org/fhir/StructureDefinition/implementationguide-page","valueUri":"ValueSet-MedPrescriptionLegalDiplomaVS.html"}],"example":false,"sourceReference":{"reference":"ValueSet/MedPrescriptionLegalDiplomaVS"}},{"extension":[{"url":"http://hl7.org/fhir/tools/StructureDefinition/resource-sort","valueInteger":999999999},{"url":"http://hl7.org/fhir/StructureDefinition/implementationguide-page","valueUri":"ValueSet-MedPrescriptionTypeVS.html"}],"example":false,"sourceReference":{"reference":"ValueSet/MedPrescriptionTypeVS"}},{"extension":[{"url":"http://hl7.org/fhir/tools/StructureDefinition/resource-sort","valueInteger":999999999},{"url":"http://hl7.org/fhir/StructureDefinition/implementationguide-page","valueUri":"ValueSet-episodeServiceSpecialtyVS.html"}],"example":false,"sourceReference":{"reference":"ValueSet/episodeServiceSpecialtyVS"}}]},{"id":"-term-codesystem","name":"Terminology: Code Systems","description":"These define new code systems used by systems conforming to this implementation guide.","resource":[{"extension":[{"url":"http://hl7.org/fhir/tools/StructureDefinition/resource-sort","valueInteger":999999999},{"url":"http://hl7.org/fhir/StructureDefinition/implementationguide-page","valueUri":"CodeSystem-MeaningOrderCS.html"}],"example":false,"sourceReference":{"reference":"CodeSystem/MeaningOrderCS"}}]}],"page":{"source":"toc.html","title":"Índice","kind":"page","page":[{"source":"index.html","title":"Home Page","kind":"page"},{"source":"downloads.html","title":"Downloads","kind":"page"},{"source":"recursos-suporte.html","title":"Recursos Suporte","kind":"resource"},{"source":"changes.html","title":"IG Change History","kind":"page"},{"source":"artifacts.html","title":"Artifacts Summary","kind":"page","page":[{"source":"ValueSet-MedPrescriptionLegalDiplomaVS.html","kind":"resource"},{"source":"ValueSet-MedPrescriptionTypeVS.html","kind":"resource"},{"source":"ValueSet-CardCountryVS.html","kind":"resource"},{"source":"ValueSet-EventCodeVS.html","kind":"resource"},{"source":"ValueSet-MedPrescriptionFrequencyTimeVS.html","kind":"resource"},{"source":"ValueSet-MedPrescriptionFramingTypeVS.html","kind":"resource"},{"source":"ValueSet-episodeServiceSpecialtyVS.html","kind":"resource"},{"source":"ValueSet-MedPrescriptionDurationVS.html","kind":"resource"},{"source":"ValueSet-CardInfoTypeVS.html","kind":"resource"},{"source":"ValueSet-MedPrescriptionFramingDispenseVS.html","kind":"resource"},{"source":"ValueSet-MeaningOrderVS.html","kind":"resource"},{"source":"ValueSet-MedPrescriptionCancelReasonVS.html","kind":"resource"},{"source":"ValueSet-AddressTypeVS.html","kind":"resource"},{"source":"ValueSet-EventagsVS.html","kind":"resource"},{"source":"CodeSystem-MeaningOrderCS.html","kind":"resource"}]}]}}