<?xml version="1.0" encoding="UTF-8"?>

<Bundle xmlns="http://hl7.org/fhir">
  <id value="7898e419-6983-4afc-8163-a19274a12290"/>
  <meta>
    <lastUpdated value="2019-10-10T23:10:23+00:00"/>
    <profile value="http://example.com/fhir/example/StructureDefinition/PEMHbundleRquest"/>
    <profile value="http://spms.min-saude.pt/fhir/iop/profiles/med-prescription-synchronization/v1-0-3"/>
  </meta>
  <type value="message"/>
  <entry>
    <fullUrl value="http://spms.min-saude.pt/fhir/MessageHeader/db6428bf-1e58-48d4-9102-b85d6c716bb1"/>
    <resource>
      <MessageHeader>
        <id value="db6428bf-1e58-48d4-9102-b85d6c716bb1"/>
        <meta>
          <lastUpdated value="2019-10-10T23:10:23+00:00"/>
          <profile value="http://example.com/fhir/example/StructureDefinition/msh-profile"/>
          <profile value="http://spms.min-saude.pt/fhir/iop/profiles/med-prescription-synchronization-msh/v1-0-3"/>
          <tag>
            <system value="http://spms.min-saude.pt/iop/event-meta-tags"/>
            <code value="10911"/>
            <display value="MED PRESCRIPTION NEW"/>
          </tag>
        </meta>
        <text>
          <status value="generated"/><div xmlns="http://www.w3.org/1999/xhtml"><p><b>Generated Narrative: MessageHeader</b><a name="db6428bf-1e58-48d4-9102-b85d6c716bb1"> </a></p><div style="display: inline-block; background-color: #d9e0e7; padding: 6px; margin: 4px; border: 1px solid #8da1b4; border-radius: 5px; line-height: 60%"><p style="margin-bottom: 0px">Resource MessageHeader &quot;db6428bf-1e58-48d4-9102-b85d6c716bb1&quot; Updated &quot;2019-10-10 23:10:23+0000&quot; </p><p style="margin-bottom: 0px">Profiles: <a href="StructureDefinition-msh-profile.html">Perfil MessageHeader</a>, <code>http://spms.min-saude.pt/fhir/iop/profiles/med-prescription-synchronization-msh/v1-0-3</code></p><p style="margin-bottom: 0px">Tag: <span title="{http://spms.min-saude.pt/iop/event-meta-tags http://spms.min-saude.pt/iop/event-meta-tags}">http://spms.min-saude.pt/iop/event-meta-tags</span></p></div><p><b>event</b>: MED_PRESCRIPTION_SYNCHRONIZATION (Details: http://spms.min-saude.pt/iop/events code 10724 = '10724', stated as 'MED_PRESCRIPTION_SYNCHRONIZATION')</p><p><b>receiver</b>: <a href="#Organization_dec4d0d7-b8dd-4c6f-9c7e-71ca0ee53ace">See above (Organization/dec4d0d7-b8dd-4c6f-9c7e-71ca0ee53ace: Organização Origem)</a></p><p><b>sender</b>: <a href="#Organization_dec4d0d7-b8dd-4c6f-9c7e-71ca0ee53ace">See above (Organization/dec4d0d7-b8dd-4c6f-9c7e-71ca0ee53ace: Organização Origem)</a></p><p><b>timestamp</b>: Jul 14, 2019, 11:10:23 PM</p><h3>Sources</h3><table class="grid"><tr><td>-</td><td><b>Name</b></td><td><b>Endpoint</b></td></tr><tr><td>*</td><td>Aplicação Origem</td><td><code>Endpont_Aplicação_Origem</code></td></tr></table><p><b>focus</b>: <a href="#RequestGroup_25f1ea48-e0ef-405e-86fc-498ae907f6df">See above (RequestGroup/25f1ea48-e0ef-405e-86fc-498ae907f6df)</a></p></div>
        </text>
        <event>
          <system value="http://spms.min-saude.pt/iop/events"/>
          <code value="10724"/>
          <display value="MED_PRESCRIPTION_SYNCHRONIZATION"/>
        </event>
        <receiver>
          <reference value="Organization/dec4d0d7-b8dd-4c6f-9c7e-71ca0ee53ace"/>
          <display value="Organização Origem"/>
        </receiver>
        <sender>
          <reference value="Organization/dec4d0d7-b8dd-4c6f-9c7e-71ca0ee53ace"/>
          <display value="Organização Origem"/>
        </sender>
        <timestamp value="2019-07-14T23:10:23+00:00"/>
        <source>
          <name value="Aplicação Origem"/>
          <endpoint value="Endpont_Aplicação_Origem"/>
        </source>
        <focus>
          <reference value="RequestGroup/25f1ea48-e0ef-405e-86fc-498ae907f6df"/>
        </focus>
      </MessageHeader>
    </resource>
  </entry>
  <entry>
    <fullUrl value="http://spms.min-saude.pt/fhir/RequestGroup/25f1ea48-e0ef-405e-86fc-498ae907f6df"/>
    <resource>
      <RequestGroup>
        <id value="25f1ea48-e0ef-405e-86fc-498ae907f6df"/>
        <meta>
          <lastUpdated value="2019-10-10T23:10:23+00:00"/>
          <profile value="http://example.com/fhir/example/StructureDefinition/content-profile"/>
        </meta>
        <text>
          <status value="extensions"/><div xmlns="http://www.w3.org/1999/xhtml"><p><b>Generated Narrative: RequestGroup</b><a name="25f1ea48-e0ef-405e-86fc-498ae907f6df"> </a></p><div style="display: inline-block; background-color: #d9e0e7; padding: 6px; margin: 4px; border: 1px solid #8da1b4; border-radius: 5px; line-height: 60%"><p style="margin-bottom: 0px">Resource RequestGroup &quot;25f1ea48-e0ef-405e-86fc-498ae907f6df&quot; Updated &quot;2019-10-10 23:10:23+0000&quot; </p><p style="margin-bottom: 0px">Profile: <a href="StructureDefinition-content-profile.html">Perfil Conteudo Receita</a></p></div><p><b>NÚMERO DE VIAS</b>: 1</p><p><b>MODALIDADE DE PRESCRIÇÃO</b>: Receita sem Papel <span style="background: LightGoldenRodYellow; margin: 4px; border: 1px solid khaki"> (<a href="CodeSystem-MeaningOrderCS.html">MeaningOrderCS</a>#RSP)</span></p><p><b>groupIdentifier</b>: id: 6789342</p><p><b>status</b>: active</p><p><b>intent</b>: order</p><h3>Actions</h3><table class="grid"><tr><td>-</td><td><b>Timing[x]</b></td><td><b>Resource</b></td></tr><tr><td>*</td><td>?? --&gt; 2019-01-27</td><td><a href="#MedicationRequest_e22942f3-a461-40b9-8449-30f7a7e9d0d5">See above (MedicationRequest/e22942f3-a461-40b9-8449-30f7a7e9d0d5)</a></td></tr></table></div>
        </text>
        <extension url="http://spms.min-saude.pt/iop/extensions/prescription-duplicate">
          <valuePositiveInt value="1"/>
        </extension>
        <extension url="http://spms.min-saude/pe/top/extensions/med-request-modality">
          <valueCodeableConcept>
            <coding>
              <system value="http://spms.min-saude.pt/bdnp/codesystem/med-request-modality"/>
              <code value="RSP"/>
              <display value="Receita sem Papel"/>
            </coding>
          </valueCodeableConcept>
        </extension>
        <groupIdentifier>
          <system value="http://spms.min-saude.pt/his/&lt;id-rnu-entidade&gt;/identifiers/local-prescription-id"/>
          <value value="6789342"/>
        </groupIdentifier>
        <status value="active"/>
        <intent value="order"/>
        <action>
          <timingPeriod>
            <end value="2019-01-27"/>
          </timingPeriod>
          <resource>
            <reference value="MedicationRequest/e22942f3-a461-40b9-8449-30f7a7e9d0d5"/>
          </resource>
        </action>
      </RequestGroup>
    </resource>
  </entry>
  <entry>
    <fullUrl value="http://spms.min-saude.pt/fhir/MedicationRequest/e22942f3-a461-40b9-8449-30f7a7e9d0d5"/>
    <resource>
      <MedicationRequest>
        <id value="e22942f3-a461-40b9-8449-30f7a7e9d0d5"/>
        <meta>
          <lastUpdated value="2019-10-10T23:10:23+00:00"/>
          <profile value="http://example.com/fhir/example/StructureDefinition/med-request-profile"/>
        </meta>
        <text>
          <status value="generated"/><div xmlns="http://www.w3.org/1999/xhtml"><p><b>Generated Narrative: MedicationRequest</b><a name="e22942f3-a461-40b9-8449-30f7a7e9d0d5"> </a></p><div style="display: inline-block; background-color: #d9e0e7; padding: 6px; margin: 4px; border: 1px solid #8da1b4; border-radius: 5px; line-height: 60%"><p style="margin-bottom: 0px">Resource MedicationRequest &quot;e22942f3-a461-40b9-8449-30f7a7e9d0d5&quot; Updated &quot;2019-10-10 23:10:23+0000&quot; </p><p style="margin-bottom: 0px">Profile: <a href="StructureDefinition-med-request-profile.html">Perfil informação de receita</a></p></div><p><b>groupIdentifier</b>: id: 6789342</p><p><b>status</b>: active</p><p><b>intent</b>: order</p><p><b>medication</b>: <a href="#Medication_a87cddf3-01de-4241-b9b2-7209f5f2bcab">See above (Medication/a87cddf3-01de-4241-b9b2-7209f5f2bcab)</a></p><p><b>subject</b>: <a href="#Patient_3616b380-01be-465a-aa29-906337c6e7a4">See above (Patient/3616b380-01be-465a-aa29-906337c6e7a4)</a></p><p><b>authoredOn</b>: 2019-07-14 23:10:23+0000</p><p><b>note</b>: Informação sobre a prescrição</p><h3>DosageInstructions</h3><table class="grid"><tr><td>-</td><td><b>Text</b></td><td><b>Timing</b></td><td><b>Route</b></td><td><b>Dose[x]</b></td></tr><tr><td>*</td><td>500 mg daily for 5 days</td><td>Starting 2019-07-16, Once, Until 2019-07-30</td><td>Intravenous <span style="background: LightGoldenRodYellow; margin: 4px; border: 1px solid khaki"> (www.infarmed.pt#255560000)</span></td><td>400 mg<span style="background: LightGoldenRodYellow"> (Details: https://www.infarmed.pt code mg = 'mg')</span></td></tr></table><h3>DispenseRequests</h3><table class="grid"><tr><td>-</td><td><b>Quantity</b></td></tr><tr><td>*</td><td>30 TAB<span style="background: LightGoldenRodYellow"> (Details: https://www.infarmed.pt code TAB = 'TAB')</span></td></tr></table></div>
        </text>
        <groupIdentifier>
          <system value="http://spms.min-saude.pt/his/&lt;id-rnuentidade&gt;/identifiers/local-prescription-id"/>
          <value value="6789342"/>
        </groupIdentifier>
        <status value="active"/>
        <intent value="order"/>
        <medicationReference>
          <reference value="Medication/a87cddf3-01de-4241-b9b2-7209f5f2bcab"/>
        </medicationReference>
        <subject>
          <reference value="Patient/3616b380-01be-465a-aa29-906337c6e7a4"/>
        </subject>
        <authoredOn value="2019-07-14T23:10:23+00:00"/>
        <note>
          <text value="Informação sobre a prescrição"/>
        </note>
        <dosageInstruction>
          <text value="500 mg daily for 5 days"/>
          <timing>
            <repeat>
              <boundsPeriod>
                <start value="2019-07-16"/>
                <end value="2019-07-30"/>
              </boundsPeriod>
              <timeOfDay value="09:00:00"/>
            </repeat>
          </timing>
          <route>
            <coding>
              <system value="http://www.infarmed.pt"/>
              <code value="255560000"/>
              <display value="Intravenous"/>
            </coding>
          </route>
          <doseQuantity>
            <value value="400"/>
            <unit value="mg"/>
            <system value="https://www.infarmed.pt"/>
            <code value="mg"/>
          </doseQuantity>
        </dosageInstruction>
        <dispenseRequest>
          <quantity>
            <value value="30"/>
            <unit value="TAB"/>
            <system value="https://www.infarmed.pt"/>
            <code value="TAB"/>
          </quantity>
        </dispenseRequest>
      </MedicationRequest>
    </resource>
  </entry>
  <entry>
    <fullUrl value="http://spms.min-saude.pt/fhir/Medication/a87cddf3-01de-4241-b9b2-7209f5f2bcab"/>
    <resource>
      <Medication>
        <id value="a87cddf3-01de-4241-b9b2-7209f5f2bcab"/>
        <meta>
          <profile value="http://example.com/fhir/example/StructureDefinition/med-pemh-profile"/>
        </meta>
        <text>
          <status value="generated"/><div xmlns="http://www.w3.org/1999/xhtml"><p><b>Generated Narrative: Medication</b><a name="a87cddf3-01de-4241-b9b2-7209f5f2bcab"> </a></p><div style="display: inline-block; background-color: #d9e0e7; padding: 6px; margin: 4px; border: 1px solid #8da1b4; border-radius: 5px; line-height: 60%"><p style="margin-bottom: 0px">Resource Medication &quot;a87cddf3-01de-4241-b9b2-7209f5f2bcab&quot; </p><p style="margin-bottom: 0px">Profile: <a href="StructureDefinition-med-pemh-profile.html">Perfil Medicação</a></p></div><p><b>code</b>: Ibuprofeno 600 mg Comp <span style="background: LightGoldenRodYellow; margin: 4px; border: 1px solid khaki"> (infarmed.pt#10007274)</span></p><p><b>form</b>: Comprimido <span style="background: LightGoldenRodYellow; margin: 4px; border: 1px solid khaki"> (www.infarmed.pt#10219000)</span></p></div>
        </text>
        <code>
          <coding>
            <system value="http://infarmed.pt"/>
            <code value="10007274"/>
            <display value="Ibuprofeno 600 mg Comp"/>
          </coding>
        </code>
        <form>
          <coding>
            <system value="http://www.infarmed.pt"/>
            <code value="10219000"/>
            <display value="Comprimido"/>
          </coding>
        </form>
      </Medication>
    </resource>
  </entry>
  <entry>
    <fullUrl value="http://spms.min-saude.pt/fhir/Patient/3616b380-01be-465a-aa29-906337c6e7a4"/>
    <resource>
      <Patient>
        <id value="3616b380-01be-465a-aa29-906337c6e7a4"/>
        <meta>
          <lastUpdated value="2019-01-14T23:10:23+00:00"/>
          <profile value="http://example.com/fhir/example/StructureDefinition/patient-pemh-profile"/>
        </meta>
        <text>
          <status value="generated"/><div xmlns="http://www.w3.org/1999/xhtml"><p><b>Generated Narrative: Patient</b><a name="3616b380-01be-465a-aa29-906337c6e7a4"> </a></p><div style="display: inline-block; background-color: #d9e0e7; padding: 6px; margin: 4px; border: 1px solid #8da1b4; border-radius: 5px; line-height: 60%"><p style="margin-bottom: 0px">Resource Patient &quot;3616b380-01be-465a-aa29-906337c6e7a4&quot; Updated &quot;2019-01-14 23:10:23+0000&quot; </p><p style="margin-bottom: 0px">Profile: <a href="StructureDefinition-patient-pemh-profile.html">Perfil Paciente</a></p></div><p><b>identifier</b>: NNU: 11920641576</p><p><b>name</b>: Pedro Alvares Cabral</p><p><b>telecom</b>: <a href="mailto:PedroAlvaresCabral@dominio.pt">PedroAlvaresCabral@dominio.pt</a></p><p><b>gender</b>: male</p><p><b>birthDate</b>: 1979-11-19</p></div>
        </text>
        <identifier>
          <type>
            <text value="NNU"/>
          </type>
          <system value="http://spms.min-saude.pt/rnu/identifiers/patient-id"/>
          <value value="11920641576"/>
        </identifier>
        <name>
          <text value="Pedro Alvares Cabral"/>
          <family value="Cabral"/>
          <given value="Pedro"/>
        </name>
        <telecom>
          <system value="email"/>
          <value value="PedroAlvaresCabral@dominio.pt"/>
        </telecom>
        <gender value="male"/>
        <birthDate value="1979-11-19"/>
      </Patient>
    </resource>
  </entry>
  <entry>
    <fullUrl value="http://spms.min-saude.pt/fhir/Practitioner/f644ab44-7e32-4e05-972c-1f14bebf27a8"/>
    <resource>
      <Practitioner>
        <id value="f644ab44-7e32-4e05-972c-1f14bebf27a8"/>
        <text>
          <status value="generated"/><div xmlns="http://www.w3.org/1999/xhtml"><p><b>Generated Narrative: Practitioner</b><a name="f644ab44-7e32-4e05-972c-1f14bebf27a8"> </a></p><div style="display: inline-block; background-color: #d9e0e7; padding: 6px; margin: 4px; border: 1px solid #8da1b4; border-radius: 5px; line-height: 60%"><p style="margin-bottom: 0px">Resource Practitioner &quot;f644ab44-7e32-4e05-972c-1f14bebf27a8&quot; </p></div><p><b>identifier</b>: Medical License number: 33421535</p><p><b>name</b>: Dr. António da Cruz</p></div>
        </text>
        <identifier>
          <type>
            <coding>
              <system value="http://hl7.org/fhir/v2/0203"/>
              <code value="MD"/>
              <display value="Medical License number"/>
            </coding>
          </type>
          <system value="https://www.ordemdosmedicos.pt"/>
          <value value="33421535"/>
        </identifier>
        <name>
          <text value="Dr. António da Cruz"/>
        </name>
      </Practitioner>
    </resource>
  </entry>
  <entry>
    <fullUrl value="http://spms.min-saude.pt/fhir/Patient/3616b380-01be-465a-aa29-906337c6e7a4"/>
    <resource>
      <Organization>
        <id value="fab4d0d7-b8dd-4c6f-9c7e-71ca0ee53ac"/>
        <text>
          <status value="generated"/><div xmlns="http://www.w3.org/1999/xhtml"><p><b>Generated Narrative: Organization</b><a name="fab4d0d7-b8dd-4c6f-9c7e-71ca0ee53ac"> </a></p><div style="display: inline-block; background-color: #d9e0e7; padding: 6px; margin: 4px; border: 1px solid #8da1b4; border-radius: 5px; line-height: 60%"><p style="margin-bottom: 0px">Resource Organization &quot;fab4d0d7-b8dd-4c6f-9c7e-71ca0ee53ac&quot; </p></div><p><b>identifier</b>: id: 3113408</p><p><b>name</b>: Provedor de Serviços de Cardiologia</p><p><b>telecom</b>: <a href="mailto:PedroAlvaresCabral@dominio.pt">PedroAlvaresCabral@dominio.pt</a></p><p><b>partOf</b>: <a href="#Organization_dec4d0d7-b8dd-4c6f-9c7e-71ca0ee53ace">See above (Organization/dec4d0d7-b8dd-4c6f-9c7e-71ca0ee53ace)</a></p></div>
        </text>
        <identifier>
          <system value="http://spms.min-saude.pt/sges/identifiers/entity-id"/>
          <value value="3113408"/>
        </identifier>
        <name value="Provedor de Serviços de Cardiologia"/>
        <telecom>
          <system value="email"/>
          <value value="PedroAlvaresCabral@dominio.pt"/>
        </telecom>
        <partOf>
          <reference value="Organization/dec4d0d7-b8dd-4c6f-9c7e-71ca0ee53ace"/>
        </partOf>
      </Organization>
    </resource>
  </entry>
  <entry>
    <fullUrl value="http://spms.min-saude.pt/fhir/Patient/3616b380-01be-465a-aa29-906337c6e7a4"/>
    <resource>
      <Organization>
        <id value="dec4d0d7-b8dd-4c6f-9c7e-71ca0ee53ace"/>
        <text>
          <status value="generated"/><div xmlns="http://www.w3.org/1999/xhtml"><p><b>Generated Narrative: Organization</b><a name="dec4d0d7-b8dd-4c6f-9c7e-71ca0ee53ace"> </a></p><div style="display: inline-block; background-color: #d9e0e7; padding: 6px; margin: 4px; border: 1px solid #8da1b4; border-radius: 5px; line-height: 60%"><p style="margin-bottom: 0px">Resource Organization &quot;dec4d0d7-b8dd-4c6f-9c7e-71ca0ee53ace&quot; </p></div><p><b>identifier</b>: id: 3113408</p><p><b>name</b>: Sclinico Hospitalar</p></div>
        </text>
        <identifier>
          <system value="http://spms.min-saude.pt/sges/identifiers/entity-id"/>
          <value value="3113408"/>
        </identifier>
        <name value="Sclinico Hospitalar"/>
      </Organization>
    </resource>
  </entry>
  <entry>
    <fullUrl value="http://spms.min-saude.pt/fhir/Patient/3616b380-01be-465a-aa29-906337c6e7a4"/>
    <resource>
      <Location>
        <id value="04f1ea48-e0ef-405e-86fc-498ae907f6d0"/>
        <meta>
          <profile value="http://example.com/fhir/example/StructureDefinition/location-pemh-profile"/>
        </meta>
        <text>
          <status value="generated"/><div xmlns="http://www.w3.org/1999/xhtml"><p><b>Generated Narrative: Location</b><a name="04f1ea48-e0ef-405e-86fc-498ae907f6d0"> </a></p><div style="display: inline-block; background-color: #d9e0e7; padding: 6px; margin: 4px; border: 1px solid #8da1b4; border-radius: 5px; line-height: 60%"><p style="margin-bottom: 0px">Resource Location &quot;04f1ea48-e0ef-405e-86fc-498ae907f6d0&quot; </p><p style="margin-bottom: 0px">Profile: <a href="StructureDefinition-location-pemh-profile.html">Perfil Location</a></p></div><p><b>identifier</b>: id: 2412341-3</p><p><b>name</b>: Hospital São João</p><p><b>alias</b>: Centro Hospitalar Universitário de São João</p><p><b>type</b>: Urgência <span style="background: LightGoldenRodYellow; margin: 4px; border: 1px solid khaki"> (location-type#urgencia)</span></p><p><b>managingOrganization</b>: <a href="#Organization_dec4d0d7-b8dd-4c6f-9c7e-71ca0ee53ace">See above (Organization/dec4d0d7-b8dd-4c6f-9c7e-71ca0ee53ace)</a></p></div>
        </text>
        <identifier>
          <system value="http://spms.min-saude.pt/sges/identifiers/entity-id"/>
          <value value="2412341-3"/>
        </identifier>
        <name value="Hospital São João"/>
        <alias value="Centro Hospitalar Universitário de São João"/>
        <type>
          <coding>
            <system value="http://spms.min-saude.pt/prvr/valueset/location-type"/>
            <code value="urgencia"/>
            <display value="Urgência"/>
          </coding>
        </type>
        <managingOrganization>
          <reference value="Organization/dec4d0d7-b8dd-4c6f-9c7e-71ca0ee53ace"/>
        </managingOrganization>
      </Location>
    </resource>
  </entry>
  <entry>
    <fullUrl value="http://spms.min-saude.pt/fhir/Patient/3616b380-01be-465a-aa29-906337c6e7a4"/>
    <resource>
      <Coverage>
        <id value="219eb473-8ee3-4e3d-b785-b204b71de77f"/>
        <meta>
          <profile value="http://example.com/fhir/example/StructureDefinition/coverage-pemh-profile"/>
        </meta>
        <text>
          <status value="generated"/><div xmlns="http://www.w3.org/1999/xhtml"><p><b>Generated Narrative: Coverage</b><a name="219eb473-8ee3-4e3d-b785-b204b71de77f"> </a></p><div style="display: inline-block; background-color: #d9e0e7; padding: 6px; margin: 4px; border: 1px solid #8da1b4; border-radius: 5px; line-height: 60%"><p style="margin-bottom: 0px">Resource Coverage &quot;219eb473-8ee3-4e3d-b785-b204b71de77f&quot; </p><p style="margin-bottom: 0px">Profile: <a href="StructureDefinition-coverage-pemh-profile.html">Perfil Coverage</a></p></div><p><b>identifier</b>: id: 131255890</p><p><b>status</b>: active</p><p><b>type</b>: Extended healthcare <span style="background: LightGoldenRodYellow; margin: 4px; border: 1px solid khaki"> (<a href="http://hl7.org/fhir/STU3/v3/ActCode/cs.html">v3 Code System ActCode</a>#EHCPOL)</span></p><p><b>subscriber</b>: <a href="#Patient_3616b380-01be-465a-aa29-906337c6e7a4">See above (Patient/3616b380-01be-465a-aa29-906337c6e7a4)</a></p><p><b>subscriberId</b>: 874207420C</p><p><b>beneficiary</b>: <a href="#Patient_3616b380-01be-465a-aa29-906337c6e7a4">See above (Patient/3616b380-01be-465a-aa29-906337c6e7a4)</a></p><p><b>relationship</b>: The Beneficiary is the Policyholder <span style="background: LightGoldenRodYellow; margin: 4px; border: 1px solid khaki"> (<a href="http://hl7.org/fhir/STU3/codesystem-policyholder-relationship.html">Policyholder Relationship Codes</a>#self)</span></p><p><b>period</b>: 2019-01-14 --&gt; 2022-01-27</p><p><b>payor</b>: <a href="#Organization_dec4d0d7-b8dd-4c6f-9c7e-71ca0ee53ace">See above (Organization/dec4d0d7-b8dd-4c6f-9c7e-71ca0ee53ace)</a></p></div>
        </text>
        <identifier>
          <system value="http://spms.min-saude.pt/rnu/identifiers/nbu"/>
          <value value="131255890"/>
        </identifier>
        <status value="active"/>
        <type>
          <coding>
            <system value="http://hl7.org/fhir/v3/ActCode"/>
            <code value="EHCPOL"/>
            <display value="Extended healthcare"/>
          </coding>
        </type>
        <subscriber>
          <reference value="Patient/3616b380-01be-465a-aa29-906337c6e7a4"/>
        </subscriber>
        <subscriberId value="874207420C"/>
        <beneficiary>
          <reference value="Patient/3616b380-01be-465a-aa29-906337c6e7a4"/>
        </beneficiary>
        <relationship>
          <coding>
            <system value="http://hl7.org/fhir/policyholder-relationship"/>
            <code value="self"/>
            <display value="The Beneficiary is the Policyholder"/>
          </coding>
        </relationship>
        <period>
          <start value="2019-01-14"/>
          <end value="2022-01-27"/>
        </period>
        <payor>
          <reference value="Organization/dec4d0d7-b8dd-4c6f-9c7e-71ca0ee53ace"/>
        </payor>
      </Coverage>
    </resource>
  </entry>
  <entry>
    <fullUrl value="http://spms.min-saude.pt/fhir/Patient/3616b380-01be-465a-aa29-906337c6e7a4"/>
    <resource>
      <Encounter>
        <id value="2d3f8e19-205e-40c6-aeec7b17cbef8045"/>
        <meta>
          <profile value="http://example.com/fhir/example/StructureDefinition/encounter-pemh-profile"/>
        </meta>
        <text>
          <status value="generated"/><div xmlns="http://www.w3.org/1999/xhtml"><p><b>Generated Narrative: Encounter</b><a name="2d3f8e19-205e-40c6-aeec7b17cbef8045"> </a></p><div style="display: inline-block; background-color: #d9e0e7; padding: 6px; margin: 4px; border: 1px solid #8da1b4; border-radius: 5px; line-height: 60%"><p style="margin-bottom: 0px">Resource Encounter &quot;2d3f8e19-205e-40c6-aeec7b17cbef8045&quot; </p><p style="margin-bottom: 0px">Profile: <a href="StructureDefinition-encounter-pemh-profile.html">Perfil Episódio</a></p></div><p><b>identifier</b>: id: 1243546</p><p><b>status</b>: in-progress</p><p><b>class</b>: Emergency (Details: http://hl7.org/fhir/v3/ActCode code EMER = 'emergency', stated as 'Emergency')</p><p><b>subject</b>: <a href="#Patient_3616b380-01be-465a-aa29-906337c6e7a4">See above (Patient/3616b380-01be-465a-aa29-906337c6e7a4)</a></p><h3>Participants</h3><table class="grid"><tr><td>-</td><td><b>Individual</b></td></tr><tr><td>*</td><td><a href="#Practitioner_f644ab44-7e32-4e05-972c-1f14bebf27a8">See above (Practitioner/f644ab44-7e32-4e05-972c-1f14bebf27a8)</a></td></tr></table><p><b>period</b>: ?? --&gt; 2019-01-27</p><p><b>serviceProvider</b>: <a href="#Organization_dec4d0d7-b8dd-4c6f-9c7e-71ca0ee53ace">See above (Organization/dec4d0d7-b8dd-4c6f-9c7e-71ca0ee53ace)</a></p></div>
        </text>
        <identifier>
          <system value="http://spms.min-saude.pt/iop/identifiers/encounter"/>
          <value value="1243546"/>
        </identifier>
        <status value="in-progress"/>
        <class>
          <system value="http://hl7.org/fhir/v3/ActCode"/>
          <code value="EMER"/>
          <display value="Emergency"/>
        </class>
        <subject>
          <reference value="Patient/3616b380-01be-465a-aa29-906337c6e7a4"/>
        </subject>
        <participant>
          <individual>
            <reference value="Practitioner/f644ab44-7e32-4e05-972c-1f14bebf27a8"/>
          </individual>
        </participant>
        <period>
          <end value="2019-01-27"/>
        </period>
        <serviceProvider>
          <reference value="Organization/dec4d0d7-b8dd-4c6f-9c7e-71ca0ee53ace"/>
        </serviceProvider>
      </Encounter>
    </resource>
  </entry>
  <signature>
    <type>
      <system value="urn:iso-astm:E1762-95:2013"/>
      <code value="1.2.840.10065.1.12.1.1"/>
      <display value="Author's Signature"/>
    </type>
    <when value="2019-10-10T23:10:23+00:00"/>
  </signature>
</Bundle>