<?xml version="1.0" encoding="UTF-8"?><ImplementationGuide xmlns="http://hl7.org/fhir"><id value="hl7.fhir.pt.pem-h"/><text><status value="extensions"/><div xmlns="http://www.w3.org/1999/xhtml"><h2>hl7-pt-pem-h</h2><p>The official URL for this implementation guide is: </p><pre>http://somewhere.org/fhir/uv/myig/ImplementationGuide/hl7.fhir.pt.pem-h</pre><div><p>A brief description of what this IG is about</p>
</div></div></text><url value="http://somewhere.org/fhir/uv/myig/ImplementationGuide/hl7.fhir.pt.pem-h"/><version value="0.1.0-test"/><name value="hl7-pt-pem-h"/><status value="draft"/><experimental value="false"/><date value="2023-08-10T18:35:32+00:00"/><publisher value="HL7 PT TC"/><contact><telecom><system value="url"/><value value="http://hl7.org/Special/committees/[something]"/></telecom></contact><description value="A brief description of what this IG is about "/><jurisdiction><coding><system value="http://unstats.un.org/unsd/methods/m49/m49.htm"/><code value="001"/></coding></jurisdiction><fhirVersion value="3.0.2"/><dependency><extension url="http://hl7.org/fhir/4.0/StructureDefinition/extension-ImplementationGuide.dependsOn.packageId"><valueId value="hl7.terminology.r3"/></extension><extension url="http://hl7.org/fhir/4.0/StructureDefinition/extension-ImplementationGuide.dependsOn.version"><valueString value="4.0.0"/></extension><type value="reference"/><uri value="http://terminology.hl7.org/ImplementationGuide/hl7.terminology"/></dependency><package id="-term-valueset"><name value="Terminology: Value Sets"/><description value="These define sets of codes used by systems conforming to this implementation guide."/><resource><extension url="http://hl7.org/fhir/tools/StructureDefinition/resource-sort"><valueInteger value="999999999"/></extension><extension url="http://hl7.org/fhir/StructureDefinition/implementationguide-page"><valueUri value="ValueSet-AddressTypeVS.html"/></extension><example value="false"/><sourceReference><reference value="ValueSet/AddressTypeVS"/></sourceReference></resource><resource><extension url="http://hl7.org/fhir/tools/StructureDefinition/resource-sort"><valueInteger value="999999999"/></extension><extension url="http://hl7.org/fhir/StructureDefinition/implementationguide-page"><valueUri value="ValueSet-CardCountryVS.html"/></extension><example value="false"/><sourceReference><reference value="ValueSet/CardCountryVS"/></sourceReference></resource><resource><extension url="http://hl7.org/fhir/tools/StructureDefinition/resource-sort"><valueInteger value="999999999"/></extension><extension url="http://hl7.org/fhir/StructureDefinition/implementationguide-page"><valueUri value="ValueSet-CardInfoTypeVS.html"/></extension><example value="false"/><sourceReference><reference value="ValueSet/CardInfoTypeVS"/></sourceReference></resource><resource><extension url="http://hl7.org/fhir/tools/StructureDefinition/resource-sort"><valueInteger value="999999999"/></extension><extension url="http://hl7.org/fhir/StructureDefinition/implementationguide-page"><valueUri value="ValueSet-EventCodeVS.html"/></extension><example value="false"/><sourceReference><reference value="ValueSet/EventCodeVS"/></sourceReference></resource><resource><extension url="http://hl7.org/fhir/tools/StructureDefinition/resource-sort"><valueInteger value="999999999"/></extension><extension url="http://hl7.org/fhir/StructureDefinition/implementationguide-page"><valueUri value="ValueSet-EventagsVS.html"/></extension><example value="false"/><sourceReference><reference value="ValueSet/EventagsVS"/></sourceReference></resource><resource><extension url="http://hl7.org/fhir/tools/StructureDefinition/resource-sort"><valueInteger value="999999999"/></extension><extension url="http://hl7.org/fhir/StructureDefinition/implementationguide-page"><valueUri value="ValueSet-MeaningOrderVS.html"/></extension><example value="false"/><sourceReference><reference value="ValueSet/MeaningOrderVS"/></sourceReference></resource><resource><extension url="http://hl7.org/fhir/tools/StructureDefinition/resource-sort"><valueInteger value="999999999"/></extension><extension url="http://hl7.org/fhir/StructureDefinition/implementationguide-page"><valueUri value="ValueSet-MedPrescriptionCancelReasonVS.html"/></extension><example value="false"/><sourceReference><reference value="ValueSet/MedPrescriptionCancelReasonVS"/></sourceReference></resource><resource><extension url="http://hl7.org/fhir/tools/StructureDefinition/resource-sort"><valueInteger value="999999999"/></extension><extension url="http://hl7.org/fhir/StructureDefinition/implementationguide-page"><valueUri value="ValueSet-MedPrescriptionDurationVS.html"/></extension><example value="false"/><sourceReference><reference value="ValueSet/MedPrescriptionDurationVS"/></sourceReference></resource><resource><extension url="http://hl7.org/fhir/tools/StructureDefinition/resource-sort"><valueInteger value="999999999"/></extension><extension url="http://hl7.org/fhir/StructureDefinition/implementationguide-page"><valueUri value="ValueSet-MedPrescriptionFramingDispenseVS.html"/></extension><example value="false"/><sourceReference><reference value="ValueSet/MedPrescriptionFramingDispenseVS"/></sourceReference></resource><resource><extension url="http://hl7.org/fhir/tools/StructureDefinition/resource-sort"><valueInteger value="999999999"/></extension><extension url="http://hl7.org/fhir/StructureDefinition/implementationguide-page"><valueUri value="ValueSet-MedPrescriptionFramingTypeVS.html"/></extension><example value="false"/><sourceReference><reference value="ValueSet/MedPrescriptionFramingTypeVS"/></sourceReference></resource><resource><extension url="http://hl7.org/fhir/tools/StructureDefinition/resource-sort"><valueInteger value="999999999"/></extension><extension url="http://hl7.org/fhir/StructureDefinition/implementationguide-page"><valueUri value="ValueSet-MedPrescriptionFrequencyTimeVS.html"/></extension><example value="false"/><sourceReference><reference value="ValueSet/MedPrescriptionFrequencyTimeVS"/></sourceReference></resource><resource><extension url="http://hl7.org/fhir/tools/StructureDefinition/resource-sort"><valueInteger value="999999999"/></extension><extension url="http://hl7.org/fhir/StructureDefinition/implementationguide-page"><valueUri value="ValueSet-MedPrescriptionLegalDiplomaVS.html"/></extension><example value="false"/><sourceReference><reference value="ValueSet/MedPrescriptionLegalDiplomaVS"/></sourceReference></resource><resource><extension url="http://hl7.org/fhir/tools/StructureDefinition/resource-sort"><valueInteger value="999999999"/></extension><extension url="http://hl7.org/fhir/StructureDefinition/implementationguide-page"><valueUri value="ValueSet-MedPrescriptionTypeVS.html"/></extension><example value="false"/><sourceReference><reference value="ValueSet/MedPrescriptionTypeVS"/></sourceReference></resource><resource><extension url="http://hl7.org/fhir/tools/StructureDefinition/resource-sort"><valueInteger value="999999999"/></extension><extension url="http://hl7.org/fhir/StructureDefinition/implementationguide-page"><valueUri value="ValueSet-episodeServiceSpecialtyVS.html"/></extension><example value="false"/><sourceReference><reference value="ValueSet/episodeServiceSpecialtyVS"/></sourceReference></resource></package><package id="-term-codesystem"><name value="Terminology: Code Systems"/><description value="These define new code systems used by systems conforming to this implementation guide."/><resource><extension url="http://hl7.org/fhir/tools/StructureDefinition/resource-sort"><valueInteger value="999999999"/></extension><extension url="http://hl7.org/fhir/StructureDefinition/implementationguide-page"><valueUri value="CodeSystem-MeaningOrderCS.html"/></extension><example value="false"/><sourceReference><reference value="CodeSystem/MeaningOrderCS"/></sourceReference></resource></package><page><source value="toc.html"/><title value="Índice"/><kind value="page"/><page><source value="index.html"/><title value="Home Page"/><kind value="page"/></page><page><source value="downloads.html"/><title value="Downloads"/><kind value="page"/></page><page><source value="recursos-suporte.html"/><title value="Recursos Suporte"/><kind value="resource"/></page><page><source value="changes.html"/><title value="IG Change History"/><kind value="page"/></page><page><source value="artifacts.html"/><title value="Artifacts Summary"/><kind value="page"/><page><source value="ValueSet-MedPrescriptionLegalDiplomaVS.html"/><kind value="resource"/></page><page><source value="ValueSet-MedPrescriptionTypeVS.html"/><kind value="resource"/></page><page><source value="ValueSet-CardCountryVS.html"/><kind value="resource"/></page><page><source value="ValueSet-EventCodeVS.html"/><kind value="resource"/></page><page><source value="ValueSet-MedPrescriptionFrequencyTimeVS.html"/><kind value="resource"/></page><page><source value="ValueSet-MedPrescriptionFramingTypeVS.html"/><kind value="resource"/></page><page><source value="ValueSet-episodeServiceSpecialtyVS.html"/><kind value="resource"/></page><page><source value="ValueSet-MedPrescriptionDurationVS.html"/><kind value="resource"/></page><page><source value="ValueSet-CardInfoTypeVS.html"/><kind value="resource"/></page><page><source value="ValueSet-MedPrescriptionFramingDispenseVS.html"/><kind value="resource"/></page><page><source value="ValueSet-MeaningOrderVS.html"/><kind value="resource"/></page><page><source value="ValueSet-MedPrescriptionCancelReasonVS.html"/><kind value="resource"/></page><page><source value="ValueSet-AddressTypeVS.html"/><kind value="resource"/></page><page><source value="ValueSet-EventagsVS.html"/><kind value="resource"/></page><page><source value="CodeSystem-MeaningOrderCS.html"/><kind value="resource"/></page></page></page></ImplementationGuide>