<?xml version="1.0" encoding="UTF-8"?><ValueSet xmlns="http://hl7.org/fhir"><id value="MedPrescriptionFrequencyTimeVS"/><text><status value="generated"/><div xmlns="http://www.w3.org/1999/xhtml"><ul><li>Include all codes defined in <a href="CodeSystem-MeaningOrderCS.html"><code>http://spms.min-saude.pt/bdnp/codesystem/med-request-modality</code></a></li></ul></div></text><url value="http://example.com/fhir/example/ValueSet/MedPrescriptionFrequencyTimeVS"/><version value="0.1.0-test"/><name value="MedPrescriptionFrequencyTimeVS"/><status value="active"/><date value="2023-08-10T18:35:32+00:00"/><publisher value="HL7 PT TC"/><contact><telecom><system value="url"/><value value="http://hl7.org/Special/committees/[something]"/></telecom></contact><jurisdiction><coding><system value="http://unstats.un.org/unsd/methods/m49/m49.htm"/><code value="001"/></coding></jurisdiction><compose><include><system value="http://spms.min-saude.pt/bdnp/codesystem/med-request-modality"/></include></compose></ValueSet>