{
  "package": "hl7-pt.fhir.uv.pem-h",
  "version": "0.1.0-test",
  "fhirVersion": "3.0.2",
  "jurisdiction": "001",
  "extensions": [
    {
      "url": "http://spms.min-saude.pt/iop/extensions/coverage-card-info",
      "title": "Informações sobre o cartão do beneficiário relativo a entidade",
      "types": [
        "CodeableConcept",
        "CodeableConcept",
        "base64Binary",
        "boolean",
        "code",
        "date",
        "dateTime",
        "decimal",
        "id",
        "instant",
        "integer",
        "markdown",
        "oid",
        "positiveInt",
        "string",
        "time",
        "unsignedInt",
        "uri",
        "Address",
        "Age",
        "Annotation",
        "Attachment",
        "CodeableConcept",
        "Coding",
        "ContactPoint",
        "Count",
        "Distance",
        "Duration",
        "HumanName",
        "Identifier",
        "Money",
        "Period",
        "Quantity",
        "Range",
        "Ratio",
        "Reference",
        "SampledData",
        "Signature",
        "Timing",
        "Meta"
      ]
    },
    {
      "url": "http://spms.min-saude.pt/iop/extensions/episode-service-specialty",
      "title": "CÓDIGO ESPECIALIDADE CONSULTA",
      "types": [
        "CodeableConcept"
      ]
    },
    {
      "url": "http://spms.min-saude.pt/iop/extensions/med-cost",
      "title": "Custo",
      "types": [
        "CodeableConcept",
        "decimal",
        "base64Binary",
        "boolean",
        "code",
        "date",
        "dateTime",
        "decimal",
        "id",
        "instant",
        "integer",
        "markdown",
        "oid",
        "positiveInt",
        "string",
        "time",
        "unsignedInt",
        "uri",
        "Address",
        "Age",
        "Annotation",
        "Attachment",
        "CodeableConcept",
        "Coding",
        "ContactPoint",
        "Count",
        "Distance",
        "Duration",
        "HumanName",
        "Identifier",
        "Money",
        "Period",
        "Quantity",
        "Range",
        "Ratio",
        "Reference",
        "SampledData",
        "Signature",
        "Timing",
        "Meta"
      ]
    },
    {
      "url": "http://spms.min-saude.pt/iop/extensions/med-patient-info",
      "title": "OUTRA INDICAÇÃO",
      "types": [
        "string"
      ]
    },
    {
      "url": "http://spms.min-saude.pt/iop/extensions/med-prescription-cancel-reason",
      "title": "MOTIVO ANULAÇÃO",
      "types": [
        "CodeableConcept"
      ]
    },
    {
      "url": "http://spms.min-saude.pt/iop/extensions/med-prescription-dosage-instruction",
      "title": "FREQ+HORÁRIO",
      "types": [
        "CodeableConcept",
        "Quantity",
        "base64Binary",
        "boolean",
        "code",
        "date",
        "dateTime",
        "decimal",
        "id",
        "instant",
        "integer",
        "markdown",
        "oid",
        "positiveInt",
        "string",
        "time",
        "unsignedInt",
        "uri",
        "Address",
        "Age",
        "Annotation",
        "Attachment",
        "CodeableConcept",
        "Coding",
        "ContactPoint",
        "Count",
        "Distance",
        "Duration",
        "HumanName",
        "Identifier",
        "Money",
        "Period",
        "Quantity",
        "Range",
        "Ratio",
        "Reference",
        "SampledData",
        "Signature",
        "Timing",
        "Meta"
      ]
    },
    {
      "url": "http://spms.min-saude.pt/iop/extensions/med-prescription-dosage-line",
      "title": "NÚMERO DE VIAS",
      "types": [
        "positiveInt"
      ]
    },
    {
      "url": "http://spms.min-saude.pt/iop/extensions/med-prescription-framing-dispense",
      "title": "Tipo enquadramento",
      "types": [
        "CodeableConcept",
        "CodeableConcept",
        "base64Binary",
        "boolean",
        "code",
        "date",
        "dateTime",
        "decimal",
        "id",
        "instant",
        "integer",
        "markdown",
        "oid",
        "positiveInt",
        "string",
        "time",
        "unsignedInt",
        "uri",
        "Address",
        "Age",
        "Annotation",
        "Attachment",
        "CodeableConcept",
        "Coding",
        "ContactPoint",
        "Count",
        "Distance",
        "Duration",
        "HumanName",
        "Identifier",
        "Money",
        "Period",
        "Quantity",
        "Range",
        "Ratio",
        "Reference",
        "SampledData",
        "Signature",
        "Timing",
        "Meta"
      ]
    },
    {
      "url": "http://spms.min-saude.pt/iop/extensions/med-prescription-internal-administration",
      "title": "ADMINISTRAÇÃO",
      "types": [
        "boolean"
      ]
    },
    {
      "url": "http://spms.min-saude.pt/iop/extensions/med-prescription-local",
      "title": "LOCAL",
      "types": [
        "Reference"
      ]
    },
    {
      "url": "http://spms.min-saude.pt/iop/extensions/med-prescription-print",
      "title": "IMPRESSÃO",
      "types": [
        "boolean"
      ]
    },
    {
      "url": "http://spms.min-saude.pt/iop/extensions/med-prescription-transcript",
      "title": "RECEITA MANUSCRITA",
      "types": [
        "boolean"
      ]
    },
    {
      "url": "http://spms.min-saude.pt/iop/extensions/med-request-type",
      "title": "TIPO DE RECEITA",
      "types": [
        "CodeableConcept"
      ]
    },
    {
      "url": "http://spms.min-saude.pt/iop/extensions/next-specialty-appointment-date",
      "title": "DATA PROXIMA CONSULTA",
      "types": [
        "dateTime"
      ]
    },
    {
      "url": "http://spms.min-saude.pt/iop/extensions/prescription-duplicate",
      "title": "NÚMERO DE VIAS",
      "types": [
        "positiveInt"
      ]
    },
    {
      "url": "http://spms.min-saude.pt/rnu/extensions/address",
      "title": "Endereço",
      "types": [
        "Coding",
        "CodeableConcept",
        "CodeableConcept",
        "CodeableConcept",
        "CodeableConcept",
        "CodeableConcept",
        "CodeableConcept",
        "CodeableConcept",
        "CodeableConcept",
        "CodeableConcept",
        "CodeableConcept",
        "CodeableConcept",
        "CodeableConcept",
        "string",
        "string",
        "string",
        "string",
        "string",
        "CodeableConcept",
        "base64Binary",
        "boolean",
        "code",
        "date",
        "dateTime",
        "decimal",
        "id",
        "instant",
        "integer",
        "markdown",
        "oid",
        "positiveInt",
        "string",
        "time",
        "unsignedInt",
        "uri",
        "Address",
        "Age",
        "Annotation",
        "Attachment",
        "CodeableConcept",
        "Coding",
        "ContactPoint",
        "Count",
        "Distance",
        "Duration",
        "HumanName",
        "Identifier",
        "Money",
        "Period",
        "Quantity",
        "Range",
        "Ratio",
        "Reference",
        "SampledData",
        "Signature",
        "Timing",
        "Meta"
      ]
    },
    {
      "url": "http://spms.min-saude.pt/rnu/extensions/contact-observations",
      "title": "Observações relacionadas com o bloco dos contactos do Utente",
      "types": [
        "string"
      ]
    },
    {
      "url": "http://spms.min-saude.pt/rnu/extensions/occupation",
      "title": "Profissão do utente",
      "types": [
        "CodeableConcept",
        "CodeableConcept",
        "CodeableConcept",
        "base64Binary",
        "boolean",
        "code",
        "date",
        "dateTime",
        "decimal",
        "id",
        "instant",
        "integer",
        "markdown",
        "oid",
        "positiveInt",
        "string",
        "time",
        "unsignedInt",
        "uri",
        "Address",
        "Age",
        "Annotation",
        "Attachment",
        "CodeableConcept",
        "Coding",
        "ContactPoint",
        "Count",
        "Distance",
        "Duration",
        "HumanName",
        "Identifier",
        "Money",
        "Period",
        "Quantity",
        "Range",
        "Ratio",
        "Reference",
        "SampledData",
        "Signature",
        "Timing",
        "Meta"
      ]
    },
    {
      "url": "http://spms.min-saude.pt/rnu/extensions/patient-parents",
      "title": "Filiação do utente",
      "types": [
        "Reference",
        "Reference",
        "base64Binary",
        "boolean",
        "code",
        "date",
        "dateTime",
        "decimal",
        "id",
        "instant",
        "integer",
        "markdown",
        "oid",
        "positiveInt",
        "string",
        "time",
        "unsignedInt",
        "uri",
        "Address",
        "Age",
        "Annotation",
        "Attachment",
        "CodeableConcept",
        "Coding",
        "ContactPoint",
        "Count",
        "Distance",
        "Duration",
        "HumanName",
        "Identifier",
        "Money",
        "Period",
        "Quantity",
        "Range",
        "Ratio",
        "Reference",
        "SampledData",
        "Signature",
        "Timing",
        "Meta"
      ]
    },
    {
      "url": "http://spms.min-saude.pt/rnu/extensions/preferred-contact",
      "title": "Contacto preferencial",
      "types": [
        "boolean"
      ]
    },
    {
      "url": "http://spms.min-saude/pe/top/extensions/med-request-modality",
      "title": "MODALIDADE DE PRESCRIÇÃO",
      "types": [
        "CodeableConcept"
      ]
    }
  ],
  "profiles": {
    "Bundle": [
      {
        "url": "http://example.com/fhir/example/StructureDefinition/PEMHbundleRquest",
        "title": "Perfil Bundle de mensagem"
      },
      {
        "url": "http://example.com/fhir/example/StructureDefinition/bundle-response-profile",
        "title": "Perfil Bundle de mensagem de resposta"
      }
    ],
    "RequestGroup": [
      {
        "url": "http://example.com/fhir/example/StructureDefinition/content-profile",
        "title": "Perfil Conteudo Receita"
      },
      {
        "url": "http://example.com/fhir/example/StructureDefinition/content-response-profile",
        "title": "Perfil Conteudo Receita"
      }
    ],
    "Coverage": [
      {
        "url": "http://example.com/fhir/example/StructureDefinition/coverage-pemh-profile",
        "title": "Perfil Coverage"
      }
    ],
    "Encounter": [
      {
        "url": "http://example.com/fhir/example/StructureDefinition/encounter-pemh-profile",
        "title": "Perfil Episódio"
      }
    ],
    "Location": [
      {
        "url": "http://example.com/fhir/example/StructureDefinition/location-pemh-profile",
        "title": "Perfil Location"
      }
    ],
    "Medication": [
      {
        "url": "http://example.com/fhir/example/StructureDefinition/med-pemh-profile",
        "title": "Perfil Medicação"
      }
    ],
    "MedicationRequest": [
      {
        "url": "http://example.com/fhir/example/StructureDefinition/med-request-profile",
        "title": "Perfil informação de receita"
      }
    ],
    "MessageHeader": [
      {
        "url": "http://example.com/fhir/example/StructureDefinition/msh-profile",
        "title": "Perfil MessageHeader"
      },
      {
        "url": "http://example.com/fhir/example/StructureDefinition/msh-response-profile",
        "title": "Perfil Bundle de mensagem de resposta"
      }
    ],
    "Patient": [
      {
        "url": "http://example.com/fhir/example/StructureDefinition/patient-pemh-profile",
        "title": "Perfil Paciente"
      }
    ]
  },
  "usage": {
    "http://hl7.org/fhir/4.0/StructureDefinition/extension-ImplementationGuide.dependsOn.packageId": [
      "ImplementationGuide.dependency"
    ],
    "http://hl7.org/fhir/4.0/StructureDefinition/extension-ImplementationGuide.dependsOn.version": [
      "ImplementationGuide.dependency"
    ],
    "http://hl7.org/fhir/StructureDefinition/elementdefinition-bindingName": [
      "StructureDefinition.snapshot.element.binding"
    ],
    "http://hl7.org/fhir/StructureDefinition/elementdefinition-isCommonBinding": [
      "StructureDefinition.snapshot.element.binding"
    ],
    "http://hl7.org/fhir/StructureDefinition/elementdefinition-maxValueSet": [
      "StructureDefinition.snapshot.element.binding"
    ],
    "http://hl7.org/fhir/StructureDefinition/elementdefinition-translatable": [
      "StructureDefinition.snapshot.element"
    ],
    "http://hl7.org/fhir/StructureDefinition/structuredefinition-category": [
      "StructureDefinition"
    ],
    "http://hl7.org/fhir/StructureDefinition/structuredefinition-explicit-type-name": [
      "StructureDefinition.snapshot.element"
    ],
    "http://hl7.org/fhir/StructureDefinition/structuredefinition-security-category": [
      "StructureDefinition"
    ],
    "http://hl7.org/fhir/tools/StructureDefinition/implementationguide-dependency-comment": [
      "ImplementationGuide.dependency"
    ],
    "http://spms.min-saude.pt/iop/extensions/coverage-card-info": [
      "Coverage"
    ],
    "http://spms.min-saude.pt/iop/extensions/episode-service-specialty": [
      "Encounter"
    ],
    "http://spms.min-saude.pt/iop/extensions/med-cost": [
      "MedicationRequest"
    ],
    "http://spms.min-saude.pt/iop/extensions/med-patient-info": [
      "Patient"
    ],
    "http://spms.min-saude.pt/iop/extensions/med-prescription-cancel-reason": [
      "MedicationRequest"
    ],
    "http://spms.min-saude.pt/iop/extensions/med-prescription-dosage-instruction": [
      "MedicationRequest"
    ],
    "http://spms.min-saude.pt/iop/extensions/med-prescription-framing-dispense": [
      "MedicationRequest"
    ],
    "http://spms.min-saude.pt/iop/extensions/med-prescription-internal-administration": [
      "MedicationRequest"
    ],
    "http://spms.min-saude.pt/iop/extensions/med-prescription-local": [
      "MedicationRequest"
    ],
    "http://spms.min-saude.pt/iop/extensions/med-prescription-print": [
      "MedicationRequest"
    ],
    "http://spms.min-saude.pt/iop/extensions/med-prescription-transcript": [
      "MedicationRequest"
    ],
    "http://spms.min-saude.pt/iop/extensions/med-request-type": [
      "MedicationRequest"
    ],
    "http://spms.min-saude.pt/iop/extensions/next-specialty-appointment-date": [
      "Encounter"
    ],
    "http://spms.min-saude.pt/iop/extensions/prescription-duplicate": [
      "Bundle.entry.resource",
      "RequestGroup"
    ],
    "http://spms.min-saude.pt/rnu/extensions/address": [
      "Patient.address",
      "Patient.contact.address"
    ],
    "http://spms.min-saude.pt/rnu/extensions/contact-observations": [
      "Patient.contact"
    ],
    "http://spms.min-saude.pt/rnu/extensions/occupation": [
      "Patient"
    ],
    "http://spms.min-saude.pt/rnu/extensions/patient-parents": [
      "Patient"
    ],
    "http://spms.min-saude.pt/rnu/extensions/preferred-contact": [
      "Patient.contact"
    ],
    "http://spms.min-saude/pe/top/extensions/med-request-modality": [
      "Bundle.entry.resource",
      "RequestGroup"
    ]
  }
}