{"resourceType":"ValueSet","id":"MedPrescriptionFramingDispenseVS","text":{"status":"generated","div":"<div xmlns=\"http://www.w3.org/1999/xhtml\"><ul><li>Include all codes defined in <a href=\"CodeSystem-MeaningOrderCS.html\"><code>http://spms.min-saude.pt/bdnp/codesystem/med-request-modality</code></a></li></ul></div>"},"url":"http://example.com/fhir/example/ValueSet/MedPrescriptionFramingDispenseVS","version":"0.1.0-test","name":"MedPrescriptionFramingDispenseVS","status":"active","date":"2023-05-08T00:44:39+00:00","publisher":"HL7 PT TC","contact":[{"telecom":[{"system":"url","value":"http://hl7.org/Special/committees/[something]"}]}],"jurisdiction":[{"coding":[{"system":"http://unstats.un.org/unsd/methods/m49/m49.htm","code":"001"}]}],"compose":{"include":[{"system":"http://spms.min-saude.pt/bdnp/codesystem/med-request-modality"}]}}