{
  "resourceType" : "CodeSystem",
  "id" : "MeaningOrderCS",
  "text" : {
    "status" : "generated",
    "div" : "<div xmlns=\"http://www.w3.org/1999/xhtml\"><p>This code system <code>http://spms.min-saude.pt/bdnp/codesystem/med-request-modality</code> defines the following codes:</p><table class=\"codes\"><tr><td style=\"white-space:nowrap\"><b>Code</b></td><td><b>Display</b></td></tr><tr><td style=\"white-space:nowrap\">RSP<a name=\"MeaningOrderCS-RSP\"> </a></td><td>Receita sem papel</td></tr><tr><td style=\"white-space:nowrap\">RCP<a name=\"MeaningOrderCS-RCP\"> </a></td><td>Receita com papel</td></tr></table></div>"
  },
  "url" : "http://spms.min-saude.pt/bdnp/codesystem/med-request-modality",
  "version" : "0.1.0-test",
  "name" : "MeaningOrderCS",
  "status" : "active",
  "date" : "2023-05-08T00:44:39+00:00",
  "publisher" : "HL7 PT TC",
  "contact" : [{
    "telecom" : [{
      "system" : "url",
      "value" : "http://hl7.org/Special/committees/[something]"
    }]
  }],
  "jurisdiction" : [{
    "coding" : [{
      "system" : "http://unstats.un.org/unsd/methods/m49/m49.htm",
      "code" : "001"
    }]
  }],
  "content" : "complete",
  "count" : 2,
  "concept" : [{
    "code" : "RSP",
    "display" : "Receita sem papel"
  },
  {
    "code" : "RCP",
    "display" : "Receita com papel"
  }]
}