<?xml version="1.0" encoding="UTF-8"?>

<CodeSystem xmlns="http://hl7.org/fhir">
  <id value="MeaningOrderCS"/>
  <text>
    <status value="generated"/><div xmlns="http://www.w3.org/1999/xhtml"><p>This code system <code>http://spms.min-saude.pt/bdnp/codesystem/med-request-modality</code> defines the following codes:</p><table class="codes"><tr><td style="white-space:nowrap"><b>Code</b></td><td><b>Display</b></td></tr><tr><td style="white-space:nowrap">RSP<a name="MeaningOrderCS-RSP"> </a></td><td>Receita sem papel</td></tr><tr><td style="white-space:nowrap">RCP<a name="MeaningOrderCS-RCP"> </a></td><td>Receita com papel</td></tr></table></div>
  </text>
  <url value="http://spms.min-saude.pt/bdnp/codesystem/med-request-modality"/>
  <version value="0.1.0-test"/>
  <name value="MeaningOrderCS"/>
  <status value="active"/>
  <date value="2023-05-08T00:44:39+00:00"/>
  <publisher value="HL7 PT TC"/>
  <contact>
    <telecom>
      <system value="url"/>
      <value value="http://hl7.org/Special/committees/[something]"/>
    </telecom>
  </contact>
  <jurisdiction>
    <coding>
      <system value="http://unstats.un.org/unsd/methods/m49/m49.htm"/>
      <code value="001"/>
    </coding>
  </jurisdiction>
  <content value="complete"/>
  <count value="2"/>
  <concept>
    <code value="RSP"/>
    <display value="Receita sem papel"/>
  </concept>
  <concept>
    <code value="RCP"/>
    <display value="Receita com papel"/>
  </concept>
</CodeSystem>